电影名, 豆瓣详情, 电影海报
肖申克的救赎, https://movie.douban.com/subject/1292052/, https://img2.doubanio.com/view/photo/poster/public/p480747492.webp
霸王别姬, https://movie.douban.com/subject/1291546/, https://img3.doubanio.com/view/photo/poster/public/p2561716440.webp
阿甘正传, https://movie.douban.com/subject/1292720/, https://img2.doubanio.com/view/photo/poster/public/p2372307693.webp
这个杀手不太冷, https://movie.douban.com/subject/1295644/, https://img2.doubanio.com/view/photo/poster/public/p511118051.webp
泰坦尼克号, https://movie.douban.com/subject/1292722/, https://img9.doubanio.com/view/photo/poster/public/p457760035.webp
美丽人生, https://movie.douban.com/subject/1292063/, https://img2.doubanio.com/view/photo/poster/public/p2578474613.webp
千与千寻, https://movie.douban.com/subject/1291561/, https://img1.doubanio.com/view/photo/poster/public/p2557573348.webp
辛德勒的名单, https://movie.douban.com/subject/1295124/, https://img2.doubanio.com/view/photo/poster/public/p492406163.webp
盗梦空间, https://movie.douban.com/subject/3541415/, https://img2.doubanio.com/view/photo/poster/public/p2616355133.webp
忠犬八公的故事, https://movie.douban.com/subject/3011091/, https://img3.doubanio.com/view/photo/poster/public/p2587099240.webp
星际穿越, https://movie.douban.com/subject/1889243/, https://img1.doubanio.com/view/photo/poster/public/p2614988097.webp
楚门的世界, https://movie.douban.com/subject/1292064/, https://img2.doubanio.com/view/photo/poster/public/p479682972.webp
海上钢琴师, https://movie.douban.com/subject/1292001/, https://img9.doubanio.com/view/photo/poster/public/p2574551676.webp
三傻大闹宝莱坞, https://movie.douban.com/subject/3793023/, https://img2.doubanio.com/view/photo/poster/public/p579729551.webp
机器人总动员, https://movie.douban.com/subject/2131459/, https://img2.doubanio.com/view/photo/poster/public/p1461851991.webp
放牛班的春天, https://movie.douban.com/subject/1291549/, https://img2.doubanio.com/view/photo/poster/public/p1910824951.webp
无间道, https://movie.douban.com/subject/1307914/, https://img2.doubanio.com/view/photo/poster/public/p2564556863.webp
疯狂动物城, https://movie.douban.com/subject/25662329/, https://img1.doubanio.com/view/photo/poster/public/p2614500649.webp
大话西游之大圣娶亲, https://movie.douban.com/subject/1292213/, https://img9.doubanio.com/view/photo/poster/public/p2455050536.webp
熔炉, https://movie.douban.com/subject/5912992/, https://img9.doubanio.com/view/photo/poster/public/p1363250216.webp
教父, https://movie.douban.com/subject/1291841/, https://img9.doubanio.com/view/photo/poster/public/p616779645.webp
当幸福来敲门, https://movie.douban.com/subject/1849031/, https://img9.doubanio.com/view/photo/poster/public/p2614359276.webp
龙猫, https://movie.douban.com/subject/1291560/, https://img9.doubanio.com/view/photo/poster/public/p2540924496.webp
怦然心动, https://movie.douban.com/subject/3319755/, https://img1.doubanio.com/view/photo/poster/public/p501177648.webp
控方证人, https://movie.douban.com/subject/1296141/, https://img1.doubanio.com/view/photo/poster/public/p1505392928.webp
触不可及, https://movie.douban.com/subject/6786002/, https://img9.doubanio.com/view/photo/poster/public/p1454261925.webp
末代皇帝, https://movie.douban.com/subject/1293172/, https://img2.doubanio.com/view/photo/poster/public/p452089833.webp
蝙蝠侠：黑暗骑士, https://movie.douban.com/subject/1851857/, https://img2.doubanio.com/view/photo/poster/public/p462657443.webp
寻梦环游记, https://movie.douban.com/subject/20495023/, https://img9.doubanio.com/view/photo/poster/public/p2614500706.webp
活着, https://movie.douban.com/subject/1292365/, https://img9.doubanio.com/view/photo/poster/public/p2546869804.webp
指环王3：王者无敌, https://movie.douban.com/subject/1291552/, https://img2.doubanio.com/view/photo/poster/public/p2642829472.webp
哈利・波特与魔法石, https://movie.douban.com/subject/1295038/, https://img9.doubanio.com/view/photo/poster/public/p2614949805.webp
乱世佳人, https://movie.douban.com/subject/1300267/, https://img3.doubanio.com/view/photo/poster/public/p1963126880.webp
何以为家, https://movie.douban.com/subject/30170448/, https://img1.doubanio.com/view/photo/poster/public/p2555295759.webp
素媛, https://movie.douban.com/subject/21937452/, https://img9.doubanio.com/view/photo/poster/public/p2118532944.webp
飞屋环游记, https://movie.douban.com/subject/2129039/, https://img2.doubanio.com/view/photo/poster/public/p2363116942.webp
摔跤吧！爸爸, https://movie.douban.com/subject/26387939/, https://img1.doubanio.com/view/photo/poster/public/p2401676338.webp
十二怒汉, https://movie.douban.com/subject/1293182/, https://img2.doubanio.com/view/photo/poster/public/p2173577632.webp
哈尔的移动城堡, https://movie.douban.com/subject/1308807/, https://img3.doubanio.com/view/photo/poster/public/p2174346180.webp
少年派的奇幻漂流, https://movie.douban.com/subject/1929463/, https://img2.doubanio.com/view/photo/poster/public/p1784592701.webp
我不是药神, https://movie.douban.com/subject/26752088/, https://img9.doubanio.com/view/photo/poster/public/p2561305376.webp
鬼子来了, https://movie.douban.com/subject/1291858/, https://img1.doubanio.com/view/photo/poster/public/p2553104888.webp
大话西游之月光宝盒, https://movie.douban.com/subject/1299398/, https://img2.doubanio.com/view/photo/poster/public/p2561721372.webp
天空之城, https://movie.douban.com/subject/1291583/, https://img1.doubanio.com/view/photo/poster/public/p1446261379.webp
天堂电影院, https://movie.douban.com/subject/1291828/, https://img3.doubanio.com/view/photo/poster/public/p2653054340.webp
闻香识女人, https://movie.douban.com/subject/1298624/, https://img1.doubanio.com/view/photo/poster/public/p2550757929.webp
指环王2：双塔奇兵, https://movie.douban.com/subject/1291572/, https://img9.doubanio.com/view/photo/poster/public/p2640236255.webp
猫鼠游戏, https://movie.douban.com/subject/1305487/, https://img2.doubanio.com/view/photo/poster/public/p453924541.webp
罗马假日, https://movie.douban.com/subject/1293839/, https://img9.doubanio.com/view/photo/poster/public/p2189265085.webp
辩护人, https://movie.douban.com/subject/21937445/, https://img9.doubanio.com/view/photo/poster/public/p2158166535.webp
指环王1：护戒使者, https://movie.douban.com/subject/1291571/, https://img3.doubanio.com/view/photo/poster/public/p2640234840.webp
钢琴家, https://movie.douban.com/subject/1296736/, https://img2.doubanio.com/view/photo/poster/public/p792376093.webp
让子弹飞, https://movie.douban.com/subject/3742360/, https://img1.doubanio.com/view/photo/poster/public/p1512562287.webp
大闹天宫, https://movie.douban.com/subject/1418019/, https://img1.doubanio.com/view/photo/poster/public/p2184505167.webp
狮子王, https://movie.douban.com/subject/1301753/, https://img1.doubanio.com/view/photo/poster/public/p2277799019.webp
教父2, https://movie.douban.com/subject/1299131/, https://img1.doubanio.com/view/photo/poster/public/p2194138787.webp
死亡诗社, https://movie.douban.com/subject/1291548/, https://img3.doubanio.com/view/photo/poster/public/p2575465690.webp
黑客帝国, https://movie.douban.com/subject/1291843/, https://img1.doubanio.com/view/photo/poster/public/p451926968.webp
搏击俱乐部, https://movie.douban.com/subject/1292000/, https://img1.doubanio.com/view/photo/poster/public/p1910926158.webp
海蒂和爷爷, https://movie.douban.com/subject/25958717/, https://img9.doubanio.com/view/photo/poster/public/p2554525534.webp
绿皮书, https://movie.douban.com/subject/27060077/, https://img2.doubanio.com/view/photo/poster/public/p2549177902.webp
饮食男女, https://movie.douban.com/subject/1291818/, https://img2.doubanio.com/view/photo/poster/public/p1910899751.webp
美丽心灵, https://movie.douban.com/subject/1306029/, https://img3.doubanio.com/view/photo/poster/public/p1665997400.webp
窃听风暴, https://movie.douban.com/subject/1900841/, https://img1.doubanio.com/view/photo/poster/public/p1808872109.webp
本杰明・巴顿奇事, https://movie.douban.com/subject/1485260/, https://img2.doubanio.com/view/photo/poster/public/p2192535722.webp
两杆大烟枪, https://movie.douban.com/subject/1293350/, https://img1.doubanio.com/view/photo/poster/public/p792443418.webp
情书, https://movie.douban.com/subject/1292220/, https://img3.doubanio.com/view/photo/poster/public/p2648230660.webp
穿条纹睡衣的男孩, https://movie.douban.com/subject/3008247/, https://img2.doubanio.com/view/photo/poster/public/p1473670352.webp
西西里的美丽传说, https://movie.douban.com/subject/1292402/, https://img1.doubanio.com/view/photo/poster/public/p2441988159.webp
看不见的客人, https://movie.douban.com/subject/26580232/, https://img9.doubanio.com/view/photo/poster/public/p2498971355.webp
飞越疯人院, https://movie.douban.com/subject/1292224/, https://img1.doubanio.com/view/photo/poster/public/p792238287.webp
拯救大兵瑞恩, https://movie.douban.com/subject/1292849/, https://img9.doubanio.com/view/photo/poster/public/p1014542496.webp
音乐之声, https://movie.douban.com/subject/1294408/, https://img1.doubanio.com/view/photo/poster/public/p453788577.webp
小鞋子, https://movie.douban.com/subject/1303021/, https://img9.doubanio.com/view/photo/poster/public/p2165511465.webp
阿凡达, https://movie.douban.com/subject/1652587/, https://img2.doubanio.com/view/photo/poster/public/p2634997853.webp
海豚湾, https://movie.douban.com/subject/3442220/, https://img1.doubanio.com/view/photo/poster/public/p2559579779.webp
致命魔术, https://movie.douban.com/subject/1780330/, https://img9.doubanio.com/view/photo/poster/public/p480383375.webp
美国往事, https://movie.douban.com/subject/1292262/, https://img1.doubanio.com/view/photo/poster/public/p477229647.webp
沉默的羔羊, https://movie.douban.com/subject/1293544/, https://img1.doubanio.com/view/photo/poster/public/p1593414327.webp
禁闭岛, https://movie.douban.com/subject/2334904/, https://img1.doubanio.com/view/photo/poster/public/p1832875827.webp
蝴蝶效应, https://movie.douban.com/subject/1292343/, https://img1.doubanio.com/view/photo/poster/public/p2209066019.webp
哈利・波特与死亡圣器(下), https://movie.douban.com/subject/3011235/, https://img2.doubanio.com/view/photo/poster/public/p917846733.webp
布达佩斯大饭店, https://movie.douban.com/subject/11525673/, https://img2.doubanio.com/view/photo/poster/public/p2178872593.webp
心灵捕手, https://movie.douban.com/subject/1292656/, https://img9.doubanio.com/view/photo/poster/public/p480965695.webp
低俗小说, https://movie.douban.com/subject/1291832/, https://img2.doubanio.com/view/photo/poster/public/p1910902213.webp
春光乍泄, https://movie.douban.com/subject/1292679/, https://img2.doubanio.com/view/photo/poster/public/p465939041.webp
七宗罪, https://movie.douban.com/subject/1292223/, https://img9.doubanio.com/view/photo/poster/public/p2219586434.webp
摩登时代, https://movie.douban.com/subject/1294371/, https://img1.doubanio.com/view/photo/poster/public/p2263408369.webp
喜剧之王, https://movie.douban.com/subject/1302425/, https://img1.doubanio.com/view/photo/poster/public/p2579932167.webp
被嫌弃的松子的一生, https://movie.douban.com/subject/1787291/, https://img9.doubanio.com/view/photo/poster/public/p884763596.webp
致命ID, https://movie.douban.com/subject/1297192/, https://img9.doubanio.com/view/photo/poster/public/p2558364386.webp
杀人回忆, https://movie.douban.com/subject/1300299/, https://img3.doubanio.com/view/photo/poster/public/p1633113220.webp
加勒比海盗, https://movie.douban.com/subject/1298070/, https://img9.doubanio.com/view/photo/poster/public/p1596085504.webp
剪刀手爱德华, https://movie.douban.com/subject/1292370/, https://img1.doubanio.com/view/photo/poster/public/p480956937.webp
狩猎, https://movie.douban.com/subject/6985810/, https://img1.doubanio.com/view/photo/poster/public/p1546987967.webp
红辣椒, https://movie.douban.com/subject/1865703/, https://img3.doubanio.com/view/photo/poster/public/p456825720.webp
勇敢的心, https://movie.douban.com/subject/1294639/, https://img1.doubanio.com/view/photo/poster/public/p2004174709.webp
请以你的名字呼唤我, https://movie.douban.com/subject/26799731/, https://img3.doubanio.com/view/photo/poster/public/p2505525050.webp
7号房的礼物, https://movie.douban.com/subject/10777687/, https://img9.doubanio.com/view/photo/poster/public/p1816276065.webp
断背山, https://movie.douban.com/subject/1418834/, https://img1.doubanio.com/view/photo/poster/public/p2604889017.webp
功夫, https://movie.douban.com/subject/1291543/, https://img1.doubanio.com/view/photo/poster/public/p2219011938.webp
天使爱美丽, https://movie.douban.com/subject/1292215/, https://img2.doubanio.com/view/photo/poster/public/p2447590313.webp
超脱, https://movie.douban.com/subject/5322596/, https://img2.doubanio.com/view/photo/poster/public/p1305562621.webp
幽灵公主, https://movie.douban.com/subject/1297359/, https://img9.doubanio.com/view/photo/poster/public/p1613191025.webp
第六感, https://movie.douban.com/subject/1297630/, https://img9.doubanio.com/view/photo/poster/public/p2220184425.webp
唐伯虎点秋香, https://movie.douban.com/subject/1306249/, https://img9.doubanio.com/view/photo/poster/public/p2357915564.webp
小森林 夏秋篇, https://movie.douban.com/subject/25814705/, https://img2.doubanio.com/view/photo/poster/public/p2564498893.webp
哈利・波特与阿兹卡班的囚徒, https://movie.douban.com/subject/1291544/, https://img1.doubanio.com/view/photo/poster/public/p1910812549.webp
重庆森林, https://movie.douban.com/subject/1291999/, https://img2.doubanio.com/view/photo/poster/public/p792381411.webp
阳光灿烂的日子, https://movie.douban.com/subject/1291875/, https://img9.doubanio.com/view/photo/poster/public/p2564685215.webp
爱在黎明破晓前, https://movie.douban.com/subject/1296339/, https://img9.doubanio.com/view/photo/poster/public/p2555762374.webp
一一, https://movie.douban.com/subject/1292434/, https://img2.doubanio.com/view/photo/poster/public/p2567845803.webp
菊次郎的夏天, https://movie.douban.com/subject/1293359/, https://img9.doubanio.com/view/photo/poster/public/p2620392435.webp
蝙蝠侠：黑暗骑士崛起, https://movie.douban.com/subject/3395373/, https://img9.doubanio.com/view/photo/poster/public/p1706428744.webp
消失的爱人, https://movie.douban.com/subject/21318488/, https://img9.doubanio.com/view/photo/poster/public/p2221768894.webp
小森林 冬春篇, https://movie.douban.com/subject/25814707/, https://img1.doubanio.com/view/photo/poster/public/p2215147728.webp
无人知晓, https://movie.douban.com/subject/1292337/, https://img2.doubanio.com/view/photo/poster/public/p661160053.webp
超能陆战队, https://movie.douban.com/subject/11026735/, https://img2.doubanio.com/view/photo/poster/public/p2614500883.webp
倩女幽魂, https://movie.douban.com/subject/1297447/, https://img9.doubanio.com/view/photo/poster/public/p2414157745.webp
入殓师, https://movie.douban.com/subject/2149806/, https://img3.doubanio.com/view/photo/poster/public/p2687416760.webp
完美的世界, https://movie.douban.com/subject/1300992/, https://img1.doubanio.com/view/photo/poster/public/p2190556408.webp
侧耳倾听, https://movie.douban.com/subject/1297052/, https://img2.doubanio.com/view/photo/poster/public/p456692072.webp
爱在日落黄昏时, https://movie.douban.com/subject/1291990/, https://img1.doubanio.com/view/photo/poster/public/p2561542458.webp
借东西的小人阿莉埃蒂, https://movie.douban.com/subject/4202302/, https://img9.doubanio.com/view/photo/poster/public/p617533616.webp
甜蜜蜜, https://movie.douban.com/subject/1305164/, https://img9.doubanio.com/view/photo/poster/public/p2223011274.webp
哈利・波特与密室, https://movie.douban.com/subject/1296996/, https://img3.doubanio.com/view/photo/poster/public/p1082651990.webp
萤火之森, https://movie.douban.com/subject/5989818/, https://img2.doubanio.com/view/photo/poster/public/p1675053073.webp
驯龙高手, https://movie.douban.com/subject/2353023/, https://img9.doubanio.com/view/photo/poster/public/p2210954024.webp
天书奇谭, https://movie.douban.com/subject/1428581/, https://img1.doubanio.com/view/photo/poster/public/p2515539487.webp
幸福终点站, https://movie.douban.com/subject/1292274/, https://img1.doubanio.com/view/photo/poster/public/p854757687.webp
玛丽和马克思, https://movie.douban.com/subject/3072124/, https://img9.doubanio.com/view/photo/poster/public/p488255145.webp
大鱼, https://movie.douban.com/subject/1291545/, https://img9.doubanio.com/view/photo/poster/public/p692813374.webp
告白, https://movie.douban.com/subject/4268598/, https://img9.doubanio.com/view/photo/poster/public/p689520756.webp
阳光姐妹淘, https://movie.douban.com/subject/4917726/, https://img1.doubanio.com/view/photo/poster/public/p1374786017.webp
射雕英雄传之东成西就, https://movie.douban.com/subject/1316510/, https://img9.doubanio.com/view/photo/poster/public/p2609063925.webp
怪兽电力公司, https://movie.douban.com/subject/1291579/, https://img1.doubanio.com/view/photo/poster/public/p2513247938.webp
时空恋旅人, https://movie.douban.com/subject/10577869/, https://img9.doubanio.com/view/photo/poster/public/p2070153774.webp
神偷奶爸, https://movie.douban.com/subject/3287562/, https://img1.doubanio.com/view/photo/poster/public/p792776858.webp
恐怖直播, https://movie.douban.com/subject/21360417/, https://img9.doubanio.com/view/photo/poster/public/p2016930906.webp
傲慢与偏见, https://movie.douban.com/subject/1418200/, https://img1.doubanio.com/view/photo/poster/public/p2016401659.webp
玩具总动员3, https://movie.douban.com/subject/1858711/, https://img1.doubanio.com/view/photo/poster/public/p1283675359.webp
教父3, https://movie.douban.com/subject/1294240/, https://img2.doubanio.com/view/photo/poster/public/p2169664351.webp
釜山行, https://movie.douban.com/subject/25986180/, https://img1.doubanio.com/view/photo/poster/public/p2360940399.webp
一个叫欧维的男人决定去死, https://movie.douban.com/subject/26628357/, https://img2.doubanio.com/view/photo/poster/public/p2406624993.webp
哪吒闹海, https://movie.douban.com/subject/1307315/, https://img9.doubanio.com/view/photo/poster/public/p2532803206.webp
被解救的姜戈, https://movie.douban.com/subject/6307447/, https://img1.doubanio.com/view/photo/poster/public/p1800813767.webp
血战钢锯岭, https://movie.douban.com/subject/26325320/, https://img1.doubanio.com/view/photo/poster/public/p2398141939.webp
未麻的部屋, https://movie.douban.com/subject/1395091/, https://img2.doubanio.com/view/photo/poster/public/p1351050722.webp
头号玩家, https://movie.douban.com/subject/4920389/, https://img1.doubanio.com/view/photo/poster/public/p2516578307.webp
七武士, https://movie.douban.com/subject/1295399/, https://img9.doubanio.com/view/photo/poster/public/p2215886505.webp
我是山姆, https://movie.douban.com/subject/1306861/, https://img9.doubanio.com/view/photo/poster/public/p652417775.webp
喜宴, https://movie.douban.com/subject/1303037/, https://img1.doubanio.com/view/photo/poster/public/p2249048907.webp
电锯惊魂, https://movie.douban.com/subject/1417598/, https://img9.doubanio.com/view/photo/poster/public/p726839485.webp
新世界, https://movie.douban.com/subject/10437779/, https://img1.doubanio.com/view/photo/poster/public/p1903379979.webp
寄生虫, https://movie.douban.com/subject/27010768/, https://img3.doubanio.com/view/photo/poster/public/p2561439800.webp
卢旺达饭店, https://movie.douban.com/subject/1291822/, https://img2.doubanio.com/view/photo/poster/public/p470419493.webp
风之谷, https://movie.douban.com/subject/1291585/, https://img2.doubanio.com/view/photo/poster/public/p1917567652.webp
模仿游戏, https://movie.douban.com/subject/10463953/, https://img2.doubanio.com/view/photo/poster/public/p2255040492.webp
上帝之城, https://movie.douban.com/subject/1292208/, https://img3.doubanio.com/view/photo/poster/public/p455677490.webp
三块广告牌, https://movie.douban.com/subject/26611804/, https://img1.doubanio.com/view/photo/poster/public/p2510081688.webp
花样年华, https://movie.douban.com/subject/1291557/, https://img9.doubanio.com/view/photo/poster/public/p1910828286.webp
疯狂原始人, https://movie.douban.com/subject/1907966/, https://img1.doubanio.com/view/photo/poster/public/p1867084027.webp
黑客帝国3：矩阵革命, https://movie.douban.com/subject/1302467/, https://img1.doubanio.com/view/photo/poster/public/p443461818.webp
谍影重重3, https://movie.douban.com/subject/1578507/, https://img1.doubanio.com/view/photo/poster/public/p792223507.webp
英雄本色, https://movie.douban.com/subject/1297574/, https://img1.doubanio.com/view/photo/poster/public/p2504997087.webp
你的名字。, https://movie.douban.com/subject/26683290/, https://img1.doubanio.com/view/photo/poster/public/p2395733377.webp
达拉斯买家俱乐部, https://movie.douban.com/subject/1793929/, https://img1.doubanio.com/view/photo/poster/public/p2166160837.webp
头脑特工队, https://movie.douban.com/subject/10533913/, https://img9.doubanio.com/view/photo/poster/public/p2266293606.webp
纵横四海, https://movie.douban.com/subject/1295409/, https://img1.doubanio.com/view/photo/poster/public/p2597918718.webp
心迷宫, https://movie.douban.com/subject/25917973/, https://img9.doubanio.com/view/photo/poster/public/p2276780256.webp
哈利・波特与火焰杯, https://movie.douban.com/subject/1309055/, https://img9.doubanio.com/view/photo/poster/public/p735391084.webp
岁月神偷, https://movie.douban.com/subject/3792799/, https://img2.doubanio.com/view/photo/poster/public/p456666151.webp
记忆碎片, https://movie.douban.com/subject/1304447/, https://img2.doubanio.com/view/photo/poster/public/p641688453.webp
忠犬八公物语, https://movie.douban.com/subject/1959195/, https://img9.doubanio.com/view/photo/poster/public/p2603716224.webp
海街日记, https://movie.douban.com/subject/25895901/, https://img1.doubanio.com/view/photo/poster/public/p2603364117.webp
荒蛮故事, https://movie.douban.com/subject/24750126/, https://img2.doubanio.com/view/photo/poster/public/p2584519452.webp
惊魂记, https://movie.douban.com/subject/1293181/, https://img9.doubanio.com/view/photo/poster/public/p1021883305.webp
爆裂鼓手, https://movie.douban.com/subject/25773932/, https://img2.doubanio.com/view/photo/poster/public/p2220776342.webp
贫民窟的百万富翁, https://movie.douban.com/subject/2209573/, https://img9.doubanio.com/view/photo/poster/public/p792430365.webp
真爱至上, https://movie.douban.com/subject/1292401/, https://img3.doubanio.com/view/photo/poster/public/p475600770.webp
东邪西毒, https://movie.douban.com/subject/1292328/, https://img2.doubanio.com/view/photo/poster/public/p1982176012.webp
九品芝麻官, https://movie.douban.com/subject/1297518/, https://img3.doubanio.com/view/photo/poster/public/p648370300.webp
绿里奇迹, https://movie.douban.com/subject/1300374/, https://img2.doubanio.com/view/photo/poster/public/p767586451.webp
小偷家族, https://movie.douban.com/subject/27622447/, https://img9.doubanio.com/view/photo/poster/public/p2530599636.webp
无敌破坏王, https://movie.douban.com/subject/6534248/, https://img9.doubanio.com/view/photo/poster/public/p1735642656.webp
爱在午夜降临前, https://movie.douban.com/subject/10808442/, https://img1.doubanio.com/view/photo/poster/public/p2074715729.webp
黑天鹅, https://movie.douban.com/subject/1978709/, https://img9.doubanio.com/view/photo/poster/public/p2549648344.webp
你看起来好像很好吃, https://movie.douban.com/subject/4848115/, https://img2.doubanio.com/view/photo/poster/public/p709670262.webp
冰川时代, https://movie.douban.com/subject/1291578/, https://img1.doubanio.com/view/photo/poster/public/p1910895719.webp
萤火虫之墓, https://movie.douban.com/subject/1293318/, https://img1.doubanio.com/view/photo/poster/public/p2237136718.webp
疯狂的石头, https://movie.douban.com/subject/1862151/, https://img2.doubanio.com/view/photo/poster/public/p712241453.webp
雨人, https://movie.douban.com/subject/1291870/, https://img2.doubanio.com/view/photo/poster/public/p2353324612.webp
恋恋笔记本, https://movie.douban.com/subject/1309163/, https://img9.doubanio.com/view/photo/poster/public/p483604864.webp
恐怖游轮, https://movie.douban.com/subject/3011051/, https://img9.doubanio.com/view/photo/poster/public/p462470694.webp
雨中曲, https://movie.douban.com/subject/1293460/, https://img9.doubanio.com/view/photo/poster/public/p1612355875.webp
色，戒, https://movie.douban.com/subject/1828115/, https://img9.doubanio.com/view/photo/poster/public/p453716305.webp
魔女宅急便, https://movie.douban.com/subject/1307811/, https://img2.doubanio.com/view/photo/poster/public/p456676352.webp
2001太空漫游, https://movie.douban.com/subject/1292226/, https://img9.doubanio.com/view/photo/poster/public/p2560717825.webp
二十二, https://movie.douban.com/subject/26430107/, https://img1.doubanio.com/view/photo/poster/public/p2457609817.webp
城市之光, https://movie.douban.com/subject/1293908/, https://img1.doubanio.com/view/photo/poster/public/p2170238828.webp
虎口脱险, https://movie.douban.com/subject/1296909/, https://img2.doubanio.com/view/photo/poster/public/p2399597512.webp
可可西里, https://movie.douban.com/subject/1308857/, https://img9.doubanio.com/view/photo/poster/public/p2363208684.webp
人工智能, https://movie.douban.com/subject/1302827/, https://img1.doubanio.com/view/photo/poster/public/p792257137.webp
奇迹男孩, https://movie.douban.com/subject/26787574/, https://img1.doubanio.com/view/photo/poster/public/p2507709428.webp
海边的曼彻斯特, https://movie.douban.com/subject/25980443/, https://img9.doubanio.com/view/photo/poster/public/p2421855655.webp
初恋这件小事, https://movie.douban.com/subject/4739952/, https://img2.doubanio.com/view/photo/poster/public/p1505312273.webp
罗生门, https://movie.douban.com/subject/1291879/, https://img2.doubanio.com/view/photo/poster/public/p1598883511.webp
大佛普拉斯, https://movie.douban.com/subject/27059130/, https://img2.doubanio.com/view/photo/poster/public/p2505928032.webp
终结者2：审判日, https://movie.douban.com/subject/1291844/, https://img9.doubanio.com/view/photo/poster/public/p1910909085.webp
遗愿清单, https://movie.douban.com/subject/1867345/, https://img1.doubanio.com/view/photo/poster/public/p1481879628.webp
房间, https://movie.douban.com/subject/25724855/, https://img9.doubanio.com/view/photo/poster/public/p2259715855.webp
牯岭街少年杀人事件, https://movie.douban.com/subject/1292329/, https://img9.doubanio.com/view/photo/poster/public/p848381236.webp
源代码, https://movie.douban.com/subject/3075287/, https://img9.doubanio.com/view/photo/poster/public/p988260245.webp
青蛇, https://movie.douban.com/subject/1303394/, https://img2.doubanio.com/view/photo/poster/public/p2570901292.webp
新龙门客栈, https://movie.douban.com/subject/1292287/, https://img1.doubanio.com/view/photo/poster/public/p1421018669.webp
波西米亚狂想曲, https://movie.douban.com/subject/5300054/, https://img2.doubanio.com/view/photo/poster/public/p2549558913.webp
魂断蓝桥, https://movie.douban.com/subject/1293964/, https://img1.doubanio.com/view/photo/poster/public/p2351134499.webp
无间道2, https://movie.douban.com/subject/1307106/, https://img3.doubanio.com/view/photo/poster/public/p958008320.webp
疯狂的麦克斯4：狂暴之路, https://movie.douban.com/subject/3592854/, https://img2.doubanio.com/view/photo/poster/public/p2236181653.webp
东京教父, https://movie.douban.com/subject/1310177/, https://img1.doubanio.com/view/photo/poster/public/p456703618.webp
无耻混蛋, https://movie.douban.com/subject/1438652/, https://img1.doubanio.com/view/photo/poster/public/p2575043939.webp
步履不停, https://movie.douban.com/subject/2222996/, https://img1.doubanio.com/view/photo/poster/public/p2375245718.webp
血钻, https://movie.douban.com/subject/1428175/, https://img2.doubanio.com/view/photo/poster/public/p1244017073.webp
燃情岁月, https://movie.douban.com/subject/1295865/, https://img1.doubanio.com/view/photo/poster/public/p1023654037.webp
彗星来的那一夜, https://movie.douban.com/subject/25807345/, https://img9.doubanio.com/view/photo/poster/public/p2187896734.webp
战争之王, https://movie.douban.com/subject/1419936/, https://img2.doubanio.com/view/photo/poster/public/p792282381.webp
海洋, https://movie.douban.com/subject/3443389/, https://img9.doubanio.com/view/photo/poster/public/p2559581324.webp
谍影重重2, https://movie.douban.com/subject/1308767/, https://img9.doubanio.com/view/photo/poster/public/p667644866.webp
千钧一发, https://movie.douban.com/subject/1300117/, https://img9.doubanio.com/view/photo/poster/public/p2195672555.webp
黑客帝国2：重装上阵, https://movie.douban.com/subject/1304141/, https://img3.doubanio.com/view/photo/poster/public/p443461390.webp
穿越时空的少女, https://movie.douban.com/subject/1937946/, https://img9.doubanio.com/view/photo/poster/public/p2079334286.webp
阿飞正传, https://movie.douban.com/subject/1305690/, https://img2.doubanio.com/view/photo/poster/public/p2525770523.webp
茶馆, https://movie.douban.com/subject/1461403/, https://img9.doubanio.com/view/photo/poster/public/p2528965424.webp
崖上的波妞, https://movie.douban.com/subject/1959877/, https://img1.doubanio.com/view/photo/poster/public/p2627847859.webp
地球上的星星, https://movie.douban.com/subject/2363506/, https://img9.doubanio.com/view/photo/poster/public/p1973489335.webp
谍影重重, https://movie.douban.com/subject/1304102/, https://img2.doubanio.com/view/photo/poster/public/p1597183981.webp
完美陌生人, https://movie.douban.com/subject/26614893/, https://img9.doubanio.com/view/photo/poster/public/p2522331945.webp
香水, https://movie.douban.com/subject/1760622/, https://img9.doubanio.com/view/photo/poster/public/p2441127736.webp
再次出发之纽约遇见你, https://movie.douban.com/subject/6874403/, https://img2.doubanio.com/view/photo/poster/public/p2250287733.webp
我爱你, https://movie.douban.com/subject/5908478/, https://img1.doubanio.com/view/photo/poster/public/p1075591188.webp
背靠背，脸对脸, https://movie.douban.com/subject/1307856/, https://img1.doubanio.com/view/photo/poster/public/p2505048077.webp
朗读者, https://movie.douban.com/subject/2213597/, https://img1.doubanio.com/view/photo/poster/public/p1140984198.webp
爱乐之城, https://movie.douban.com/subject/25934014/, https://img9.doubanio.com/view/photo/poster/public/p2395517414.webp
聚焦, https://movie.douban.com/subject/25954475/, https://img1.doubanio.com/view/photo/poster/public/p2263822658.webp
驴得水, https://movie.douban.com/subject/25921812/, https://img2.doubanio.com/view/photo/poster/public/p2393044761.webp
浪潮, https://movie.douban.com/subject/2297265/, https://img2.doubanio.com/view/photo/poster/public/p1344888983.webp
猜火车, https://movie.douban.com/subject/1292528/, https://img1.doubanio.com/view/photo/poster/public/p513567548.webp
小萝莉的猴神大叔, https://movie.douban.com/subject/26393561/, https://img9.doubanio.com/view/photo/poster/public/p2510956726.webp
火星救援, https://movie.douban.com/subject/25864085/, https://img2.doubanio.com/view/photo/poster/public/p2280097442.webp
小丑, https://movie.douban.com/subject/27119724/, https://img9.doubanio.com/view/photo/poster/public/p2567198874.webp
