电影名, 作者, 上映年份, 评分, 电影简介, 豆瓣详情, 电影海报
六号病房 Paviljon VI, 改编自契柯夫同名小说, 年份: 1978, 暂无评分, 根据契诃夫的同名短篇小说改编。获嘎纳电影节Catholic奖。                                                                    The story of a province hospital doctor in czarist Russia, who spends his days aimlessly, losing his will even for regular work. One day, in Department for mental diseases, the Pavillion VI, he meets his former student, rebellious, with restles spirit. Attracted with, by his own judgement, original ideas of his patient, the doctor spends great deal of his time with him and, letting himself to meditations, loses touch with reality. People around him laugh at him at start, and in the end, he finishes his life tragically in Pavillion VI. Screening of the synonymous Anton Chekhov's novel. This film won the Catholic Jury Prize at Cannes., https://movie.douban.com/subject/1760642/, https://img2.doubanio.com/view/photo/poster/public/p2529558602.jpg
双城记 A Tale of Two Cities, 改编自狄更斯同名小说, 年份: 1958, 8.2, 在经历了长达十八年的牢狱之灾后，含冤入狱的梅尼特医生（斯蒂芬·默里 Stephen Murray 饰）终于重新获得了自由，之后，在女儿露西（多洛特·图丁 Dorothy Tutin 饰）的陪伴下，梅尼特医生打算前往英国修养。在途中，父女两人遇见了名为达雷（保罗·盖尔 Paul Guers 饰）的英俊男子。达雷待露西和梅尼特医生十分周到，是个善良的小伙子，可是，他的舅舅却是当初陷害过梅尼特医生的邪恶侯爵。                                                                    顺利成章地，露西和达雷坠入了爱河，梅尼特医生决定忘记自己的恩怨情仇，宽容地接纳了两个年轻人之间的爱情。法国大革命爆发的消息传来，达雷毅然回国拯救落难的管家，之后遭到逮捕被判了死刑，这让露西悲痛欲绝。                        ©豆瓣, https://movie.douban.com/subject/2017186/, https://img9.doubanio.com/view/photo/poster/public/p2447386405.jpg
鲁宾逊漂流记 Robinson Crusoe, 改编自笛福同名小说, 年份: 1954, 7.4, 鲁滨逊（丹·奥赫里奇 Dan O'Herlihy 饰）在航海期间遭遇了海难，幸运的捡回了一条性命的他流落到了一座孤岛上，在这里，他似乎是唯一的现代人类。鲁滨逊没有向命运低头，而是凭借着智慧和勇气，在岛上慢慢的建立了属于自己的王国。                                                                    然而，除了恶劣的气候和匮乏的物资外，鲁滨逊要面对的最大威胁是潜伏在小岛身处的食人族部落。一次偶然中，鲁滨逊从食人族的手中救下了一个孩子，他给他取名为星期五（Jaime Fernández 饰）。就这样，星期五成为了鲁滨逊最好的朋友和最忠实的仆人。在岛上，鲁滨逊生活了二八年两个月零十九天，这一段难忘的时光彻底改变了他的命运。                        ©豆瓣, https://movie.douban.com/subject/1401596/, https://img9.doubanio.com/view/photo/poster/public/p2136305506.jpg
李尔王 King Lear, 改编自莎士比亚同名剧作, 年份: 1987, 7.2, （转自IMDB）                                                                    Everything returns to normal after Chernobyl. That is, everything but art. Most of the great works are lost, and it is up to people like William Shakespear Junior the Fifth to restore the lost artwork of the human race. He finds strange goings-on at a resort enough to remind him of all the lines of the play, dealing with mob boss Don Learo and his daughter Cordelia, a strange professor named Jean Luc-Godard (sic), who repeatedly xeroxes his hand for no particular reason. He is followed by four humanoid goblins that keep tormenting Cordelia. There is also the gentleman whose girlfriend, Valerie, isn't always visible. Then the film is sent off to New York for Mr. Alien to edit., https://movie.douban.com/subject/1790786/, https://img1.doubanio.com/view/photo/poster/public/p1896586598.jpg
蝴蝶梦 Rebecca, 改编自杜穆里埃同名小说, 年份: 1940, 8.3, 年轻女子（琼·芳登 Joan Fontaine 饰）初遇曼德利主人德文特（劳伦斯·奥利弗 Laurence Olivier 饰）是在海边的悬崖边上。她以为德文特要跳海自尽，大叫一声，让德文特生气不已。然而，接下来的二人相识继而相知的经历让他们堕入爱河，结为伉俪，女子成为了曼德利庄园的女主人。                                                                    幸福的生活眼看就要铺开，这个新婚妻子却遭遇到了阴森的“寒流”。她发现这个庄园到处可见德文特前妻丽贝卡的影子，她的名字，在家具留下痕迹，更令新婚妻子不安的是，管家丹佛斯太太，更是念念不忘丽贝卡，对这个新来的主人充满仇恨。就连丈夫德文特，也不愿意解释这一切，仿佛他的内心还有旧情。                                                                    丽贝卡犹如梦魇般弥漫在曼德利庄园，事情开始变得越来越复杂。                        ©豆瓣, https://movie.douban.com/subject/1293824/, https://img9.doubanio.com/view/photo/poster/public/p1071757804.jpg
小王子 The Little Prince, 改编自埃克苏佩里同名小说, 年份: 1974, 8.3, 根据安托万·德·圣埃克苏佩里的故事，这个神奇的音乐寓言从一名飞行员迫降在贫瘠的撒哈拉沙漠开始。他是来自行星小行星B-612的一位“小”王子的朋友。在接下来的日子里，飞行员了解了这个小男孩的历史和他遇见一位国王、一位商人、一位历史学家和一位将军的环球旅行。直到小王子来到地球，他才从狐狸、蛇和飞行员那里了解到生命的重要性。, https://movie.douban.com/subject/1294885/, https://img1.doubanio.com/view/photo/poster/public/p2432523358.jpg
贵族之家 Дворянское гнездо, 改编自屠格涅夫同名小说, 年份: 1970, 7.8, 贵族青年拉夫列茨基（列昂尼德·库拉金 Leonid Kulagin 饰）对少将之女瓦尔瓦拉（贝娅塔·蒂希基维茨 Beata Tyszkiewicz 饰）一见钟情，两人认识没多久就携手步入了婚姻的殿堂。哪知道瓦尔瓦拉生性风流，婚后迅速打入了巴黎的社交场中，成为了交际花，她的沾花惹草让拉夫列茨基感到非常的痛苦。                                                                    拉夫列茨基离开了家，回到了自己的祖国，在那里，他邂逅了名为莉莎（伊琳娜·库普彻柯 Irina Kupchenko 饰）的美丽少女，两人双双坠入情网之中。拉夫列茨基在报纸上看到了瓦尔瓦拉的讣告，于是，他决定和莉莎结婚。可是，就在两人的幸福生活刚刚开始之际，瓦尔瓦拉竟然出现在了他们的面前，原来讣告竟然是伪造的，一切都是瓦尔瓦拉为了引蛇出洞设下的圈套。                        ©豆瓣, https://movie.douban.com/subject/2157364/, https://img1.doubanio.com/view/photo/poster/public/p2404746349.jpg
罗亭 Рудин, 改编自屠格涅夫同名小说, 年份: 1976, 暂无评分, 作品描写主人公罗亭出身于破落的贵族之家，接受过大学教育，又曾到过国外游历，热爱自由，且能言善道，向往追求理想的生活、事业和爱情。但他却是“语言的巨人，行动的矮子”，虽追求尝试许多，但却屡屡失败，一事无成。他赢得了单纯善良的姑娘娜塔莉亚的芳心，却屈服于娜塔莉亚母亲的意志而放弃了幸福。至后来他曾创办多种事业，却都以失败而结束。之后，他一直过着贫困潦倒与漂泊的生活。, https://movie.douban.com/subject/4806744/, https://img3.doubanio.com/view/photo/poster/public/p2544323470.jpg
魔山 Der Zauberberg, 改编自托马斯曼同名小说, 年份: 1983, 暂无评分, Hans Castorp, fresh from university and about to become a civil engineer, comes to the Sanatorium Berghof in the Swiss Alps to visit his cousin Joachim, an army officer, who is recovering there from tuberculosis. Intending to remain at the Berghof for three weeks, Hans is gradually contaminated by the morbid atmosphere pervading the place. Wishing very much to be considered a patient like the others, he achieves his ends and stays in the sanatorium for ...seven years. During this time, he has enough time to take part in the furious philosophical debates pitting against each other Settembrini, a secular humanist, and Naphta, a totalitarian Jesuit. And to fall in love with the beautiful but enigmatic Clawdia Chauchat. When he is finally discharged in 1914 - along with all the other patients - it is only to plunge into the horrors of World War I., https://movie.douban.com/subject/2297169/, https://img9.doubanio.com/view/photo/poster/public/p2554326776.jpg
绝恋 Jude, 改编自哈代小说《无名的裘德》, 年份: 1996, 7.9, 裘德（克里斯托弗·埃克莱斯顿 Christopher Eccleston饰）在农村长大，一心要用知识改变命运，考取大学成为了他的奋斗目标。但是，年少的欲望却让他与当地一个姑娘发生了关系，大学梦也随之破碎。                                                                    不久姑娘远走澳洲，寻觅更美好的生活。剩下裘德和他的梦想，继续在这里萌芽成长。裘德为了能考上大学，专门搬到大学城附近苦苦寻求机会。同时在这里，表妹苏（凯特·温丝莱特 Kate Winslet饰）让他暗暗倾心。迫于亲缘的关系，二人都不敢打破禁忌。当苏嫁给了他人，裘德终于冲破了心中压抑已久的感情。他们不理世俗，不想后果，只要一起。即使流浪到天涯都无所畏惧。然而，不幸终究来临。他们的孩子为这一切付上了沉重的代价，裘德和苏的感情，亦迎来了寒冷的严冬。                        ©豆瓣, https://movie.douban.com/subject/1301718/, https://img1.doubanio.com/view/photo/poster/public/p2338916098.jpg
百万英镑 The Million Pound Note, 改编自马克吐温小说《一张百万英镑的钞票》, 年份: 1954, 8.2, 本片拍摄于1953年，根据马克·吐温的小说《一张百万英镑的钞票》改编。                                                                    富豪之家的两兄弟，从银行取出面额为一百万英镑的钞票，想以此验证一个穷人拿到这张巨额钞票的结局。哥哥认为这张钞票对一个穷人毫无价值，最终他还是会穷困潦倒；而弟弟则认为他会因为这张钞票摆脱困境过上富足的生活。为了证明各自的理论的正确的，兄弟两人为此打起了赌。他们将这张钞票留给穷困潦倒的美国小伙子亨利·亚当斯（格利高里·派克 Gregory Peck 饰）后出国旅行了，留下对未来一片迷茫的亨利。                                                                    人们对这位突然暴富的罕见富翁，竟拼命地拉拢他，从免费吃饭，买衣服，到免费住宿，一个个像乞丐一样讨好他，并不断提高他的社会地位。不仅如此，这位幸运的小伙子还取到了一位好妻子和三万英镑的银行利息，从此以后过着非常幸福的生活。                        ©豆瓣, https://movie.douban.com/subject/1304374/, https://img2.doubanio.com/view/photo/poster/public/p1723037871.jpg
等待戈多 Waiting for Godot, 改编自贝克特同名剧作, 年份: 2001, 8.5, 两个像瘪三一样的流浪汉自始自终在等待一个名叫戈多的人。他们穷愁潦倒，希望戈多的出现能使他们得救。然而戈多自始自终也没有出现。, https://movie.douban.com/subject/1758645/, https://img2.doubanio.com/view/photo/poster/public/p2554162862.jpg
好兵帅克 Dobrý voják Svejk, 改编自雅·哈谢克同名小说, 年份: 1957, 7.8, 改编著名作家雅罗斯拉夫.哈谢克以第一次世界大战为背景创作的传世讽刺杰作《好兵帅克》。通过一位普通士兵帅克在第一次世界大战中的种种遭遇及他周围各类人物的活动，以谑而不虐，寓在于谐，含怒骂于嬉笑之中的绝妙手法，将残暴腐朽的奥匈帝国及其一切丑类暴露在光天化日之下。, https://movie.douban.com/subject/1458187/, https://img1.doubanio.com/view/photo/poster/public/p2588031587.jpg
米德镇的春天 Middlemarch, 改编自乔治·艾略特小说《米德尔马契》, 年份: 1994, 7.8, 影片《米德镇的春天》的背景是政局动汤不安的十九世纪英国，讲述的是一个由爱情、政治和苦闷热情相互交织而成的故事。片中两位主演均表现出了各自特有的功力，将一个单纯而又复杂情感漩涡搅得既精彩而又生动。                                                                    野心勃勃的年轻医师李盖特到米德镇新的医院任职，镇上的年轻女子多萝西雅也正积极的寻找生命意义。而她却深深受到年长又充满书卷气的爱德华所吸引而无法自拔。但他们的梦想很快就受到婚姻和世俗礼教的严格考验。, https://movie.douban.com/subject/1308099/, https://img3.doubanio.com/view/photo/poster/public/p2341001340.jpg
弗洛斯河上的磨房 The Mill on the Floss, 改编自乔治·艾略特同名小说, 年份: 1997, 8.0, 玛姬（艾米丽·沃森 Emily Watson 饰）和汤姆（伊弗兰·梅勒蒂斯 Ifan Meredith 饰）是一对感情十分要好的兄妹。父亲爱德华（伯纳德·希尔 Bernard Hill 饰）破产后，汤姆被迫放弃了优渥的留学机会，靠着自己的双手努力支撑起整个家庭的负担，妹妹玛姬亦从一个衣食无忧的天真女孩成长为了勤劳贤惠的女人，最终，汤姆终于攒够了钱赎回了磨坊。                                                                    玛姬和律师的儿子菲利普（詹姆斯·弗莱恩 James Frain 饰）相互抱有好感，但汤姆却认为律师正是造成他们家破人亡的罪魁祸首，因而极力反对妹妹同其交往。之后，不幸的玛姬又爱上了表妹的未婚夫，暴怒的汤姆将她逐出门外。一场暴雨引发了洪水泛滥，汤姆被困在磨坊之中，玛姬心急如焚。                        ©豆瓣, https://movie.douban.com/subject/1789047/, https://img9.doubanio.com/view/photo/poster/public/p2512366276.jpg
远大前程 Great Expectations, 改编自狄更斯同名小说, 年份: 1946, 7.8, 少年皮普（John Mills，Tony Wager 饰）父母双亡，依靠姐姐与铁匠姐夫生活，在闭塞的英国乡下，皮普受到的只是粗暴的管教。临近监狱的两名犯人逃脱，皮普出于善良向其中一个提供了食物，尽管犯人很快归案，但入狱前不忘提皮普开脱。不久附近豪宅内的哈维森小姐召皮普为自己服务，皮普一家视之为出头的机会，怎料哈维森小姐年轻时被男人所伤，一心只想培养养女爱斯泰纳（Valerie Hobson，Jean Simmons 饰）报复男人。                                                                    皮普很快步入了宿命般的铁匠生活，不觉六年过去。一位神秘的资助人出钱令皮普进入上流社会，皮普经过在伦敦的学习脱胎换骨，然而他久久不能忘怀少年时的初恋爱斯泰纳，幕后的资助人麦戈维奇——当年的逃犯——此时突然出现，皮普决意同麦戈维奇一起离开英国，但警察早已监视他们多时……                                                                    本片获1948年奥斯卡奖最佳摄影奖、最佳美工设计奖。根据查尔斯·狄更斯同名小说改编。, https://movie.douban.com/subject/1297550/, https://img9.doubanio.com/view/photo/poster/public/p1259668534.jpg
橡皮 Les gommes, 改编自阿兰·罗布-格里耶同名小说, 年份: 1969, 暂无评分, Les Gommes (Eng: The Erasers) is the title of the debut novel by Alain Robbe-Grillet, first published in 1953. The novel reads like a detective story but is primarily concerned with weaving and then probing a complete mixture of fact and fantasy. The novel contains within it a deeper structure based on the story of Oedipus. A detective is seeking the assassin in a murder that has not yet occurred, only to discover that it is his destiny to become that assassin., https://movie.douban.com/subject/4050378/, https://img1.doubanio.com/view/subject/l/public/s3989977.jpg
情人 L'amant, 改编自杜拉斯同名小说, 年份: 1992, 8.2, 1929年的越南是法国殖民地，一个15岁的法国少女（珍·玛奇 饰）在西贡女子寄宿学校读书。每逢假期她便回家，母亲办了一所很小的学校，收入甚少。她有两个哥哥，大哥比尔吸毒成瘾且横行霸道，二哥保罗生性懦弱，常受大哥的欺负。一天少女一如往常一样告别母亲乘上渡船回学校，在船上遇到一个坐黑色大轿车的中国阔少爷（梁家辉 饰），他是华侨富翁的独生子。中国男人喜欢这名白人少女便去搭讪，两人便搭上了。 少女在寄宿学校里知道有的女生在外卖淫，她也想找个有钱人试试，因此很主动地与男人交谈。上岸后两人逛了西贡，还一起上馆子吃中国饭菜，男人用汽车送她回学校。第二天刚放学，黑色汽车就等在校门口了。 两人很快就坠入爱河。男人把少女带到他的公馆，这是中国富人们常用来金屋藏娇的地方。他俩在这里幽会、洗澡、玩耍。有时晚上也不回学校，校方只好通知她的母亲，然而……                        ©豆瓣, https://movie.douban.com/subject/1291868/, https://img2.doubanio.com/view/photo/poster/public/p1674536431.jpg
但丁的地狱 L'inferno, 改编自但丁《神曲》, 年份: 1911, 8.0, The poet Dante is lost in a dark and gloomy wood. At the summit of a mountain he sees the light of salvation. He endeavors to ascend to it, but his way is barred by three wild beasts, symbolizing Avarice, Pride and Lust. Beatrice sees his predicament and descends from Paradise into Limbo, where she asks the poet Virgil to rescue and guide Dante. Virgil knows another way to go, but this leads straight through the entire Inferno, before it continues towards Paradise. Virgil leads Dante to the portals of Inferno. Charon ferries them over the river Acheron, and then they start their journey downwards through the different circles of Inferno. Dante meets all kind of sinners and sees the never-ending punishments they have to undergo. The various punishments are adjusted to the different transgressions. Among the sinners Dante recognizes many persons he has met in Florence, when they were still alive. They tell him their sad stories and why they have ended here. At last Dante and Virgil ..., https://movie.douban.com/subject/2351048/, https://img3.doubanio.com/view/photo/poster/public/p2535450320.jpg
动物农庄 Animal Farm, 改编自乔治奥威尔同名小说, 年份: 1999, 7.3, 电影改编自乔治奥威尔的经典同名小说。琼斯先生（皮特·波斯尔思韦特 Pete Postlethwaite 饰）经营着一间农场，然而，他的心思却全然没有放在如何照顾好自己的动物们身上，他沉迷于打猎和喝酒，整日浑浑噩噩。在连续两天都没有吃饭的情况下，动物们愤怒了，它们设计将琼斯先生赶出了农场，自己当家做主。                                                                    就在大家以为公平自由的生活即将来临之时，公猪拿破仑（帕特里克·斯图尔特 Patrick Stewart 配音）站了出来，在它的领导之下，动物们每日依旧要干活，依旧过着受冻挨饿的日子，而拿破仑呢，喝着牛奶吃着面包，体型日益肥硕起来。动物们受到了拿破仑的蒙骗，将它的话视作圣旨，却依然无法改变被奴役的命运。                        ©豆瓣, https://movie.douban.com/subject/1303737/, https://img1.doubanio.com/view/photo/poster/public/p2511241488.jpg
一九八四 Nineteen Eighty-Four, 改编自乔治奥威尔同名小说, 年份: 1984, 7.8, 这是一部虚构的政治恐怖电影。一九八四年，在经历一系列战争和合并后，世界只存在三个超级大国了——大洋国、东亚国和欧亚国。温斯顿（约翰•赫特 John Hurt  饰）生活在老大哥统治下的大洋国，这里，和其他两国一样，到处都安装着电幕（一种类似电视机的监视器），每个人都生活都在党的思想警察的监视下，历史完全按照党的需要每天都被改写。                                                                    虽然无法说出为什么，作为外围党员的温斯顿从心里厌恶老大哥。一日，他偷偷从一家陈年杂货铺处买了一本日记本——原则上党不允许写日记，表达个人思想——开始写日记。当他和在小说司工作的裘莉亚（苏珊娜•汉密尔顿 Suzanna Hamilton 饰）违反党的政策开始秘密偷情时，思想警察悄悄盯上了他。                        ©豆瓣, https://movie.douban.com/subject/1301849/, https://img1.doubanio.com/view/photo/poster/public/p1073879508.jpg
恋爱中的女人 Women in Love, 改编自劳伦斯同名小说, 年份: 1969, 7.3, 故事发生在二十世纪的一个英国小镇里。古淳（格兰达·杰克逊 Glenda Jackson 饰）和厄苏拉（珍妮·林登 Jennie Linden 饰）是情同手足的两姐妹，姐姐古淳在学校里担任教师的职务，性格严谨而刻板，妹妹厄苏拉不久之前才回到家乡，身为自由派画家的她向往着无拘无束随心所欲的生活。                                                                    在一场婚礼中，姐妹两人结识了鲁伯特（阿兰·贝茨 Alan Bates 饰）和杰拉德（奥列佛·里德 Oliver Reed 饰）两名男子。古淳和鲁伯特坠入了情网，并且携手走入了婚姻的殿堂。与此同时，厄苏拉和杰拉德之间也产生了暧昧的情愫。四人前往瑞士度假，在那里，厄苏拉邂逅了一名风流倜傥的雕塑家，移情别恋。这让杰拉德感到无法接受。                        ©豆瓣, https://movie.douban.com/subject/1292464/, https://img9.doubanio.com/view/photo/poster/public/p2335164434.jpg
彩虹 The Rainbow, 改编自劳伦斯同名小说, 年份: 1989, 6.5, Defying the moral constraints of Victorian England and her parents, a young woman engages in unbridled promiscuity with two partners before setting out to capture the fuller sensuality of life itself. Based on the 1915 novel by D.H. Lawrence., https://movie.douban.com/subject/3212993/, https://img2.doubanio.com/view/photo/poster/public/p2153888541.jpg
淑女本色 The Portrait of a Lady, 改编自亨利·詹姆斯小说《一位女士的画像》, 年份: 1996, 7.2, 伊莎贝尔•阿切尔（妮可•基德曼 Nicole Kidman 饰）年轻漂亮，心高气傲，夺走了许多男人的心，但她却只想自由的活着。在英国的花园山庄里拒绝了沃伯顿勋伯爵的求婚。后又去伦敦看望表兄拉尔夫及其女友，古德伍德向她求婚也被拒绝。在表兄家她认识了端庄美丽的梅尔。在佛罗伦萨，梅尔将其介绍给了无钱无势却品位甚高的奥斯蒙德（约翰•马尔科维奇 John Malkovich 饰）。奥斯蒙德爱上了伊莎贝尔，而她也渐渐地坠入爱河。一年后伊莎贝尔和奥斯蒙德结婚。婚后他们的儿子却夭折在了摇篮里。后来她得知表兄病危，不顾丈夫的反对去见了拉尔夫最后一面，而此时表嫂却告诉了她一个秘密......                                                                    本片改编自美国著名作家享利.詹姆斯的同名小说。                        ©豆瓣, https://movie.douban.com/subject/1297475/, https://img9.doubanio.com/view/photo/poster/public/p1149299665.jpg
金色情挑 The Golden Bowl, 改编自亨利·詹姆斯小说《金碗》, 年份: 2000, 6.8, 故事发生在十九世纪的英格兰，落魄的意大利贵族艾莫雷戈（杰瑞米·诺森 Jeremy Northam 饰）迎娶了美国富豪亚当（尼克·诺特 Nick Nolte 饰）的女儿玛姬（凯特·贝金赛尔 Kate Beckinsale 饰）。玛姬有一位闺中密友名为夏洛特（乌玛·瑟曼 U ma Thurman 饰），巧合的是，夏洛特竟然是艾莫雷戈曾经的恋人。                                                                    之后，亚当取了夏洛特为妻，一家人就这样生活在了一起。一次偶然之中，玛姬发现了艾莫雷戈和夏洛特之间的旧情，霎时间，她对丈夫的信任破裂了。实际上，亚当亦知晓此事，只是为了保护女儿不受伤害，他选择了守口如瓶。对于艾莫雷戈来说，事情就更加复杂了，亚当和玛姬之间坚实的父女之情让他始终觉得自己是插足其中的第三者。                        ©豆瓣, https://movie.douban.com/subject/1305310/, https://img2.doubanio.com/view/photo/poster/public/p2377327232.jpg
鸽之翼 The Wings of the Dove, 改编自亨利·詹姆斯小说《鸽翼》, 年份: 1997, 7.8, 母亲死后，凯特（海伦娜·伯翰·卡特 Helena Bonham Carter 饰）被姨妈玛德（夏洛特·兰普林 Charlotte Rampling 饰）收留了。玛德希望凯特能够嫁给一个富翁，从此过上衣食无忧的生活，可桀骜不驯的凯特偏偏爱上了名不见经传的小记者莫顿（莱纳斯·罗彻 Linus Roache 饰）。                                                                    一个名叫米莉（艾丽森·艾略特 Alison Elliott 饰）的富家女出现在了凯特的身边，她身患重病，命不久矣。单纯的米莉爱上了莫顿，凯特将这一切都看在眼里，一条既能得到米莉家产又能收获莫顿爱情的妙计应运而生，她很快就和米莉成为了无话不谈的好友。然而，人心并不如凯特想象中的那般容易操纵，眼看着莫顿和米莉之间的感情越来越深就要失去控制，凯特陷入了深深的不安之中。                        ©豆瓣, https://movie.douban.com/subject/1294248/, https://img2.doubanio.com/view/photo/poster/public/p2191677921.jpg
银色·性·男女 Short Cuts, 改编自雷蒙德.卡佛小说集《大教堂》, 年份: 1993, 7.9, 警长吉恩家中关系紧张，他只能从情妇贝蒂那儿求得慰藉。贝蒂的前夫直升飞机驾驶员斯托米一直蒙在鼓里。另一对夫妇非尼根关系虽好，但他们的爱子凯西在生日前天却遭遇车祸死在医院。汽车司机埃尔的妻子多伦是女招待。多伦对埃尔的酗酒恶习深恶痛绝，一气之下不慎开车撞倒了菲尼根的儿子凯西。隔壁邻居路易丝一边给小孩儿喂奶，一边给提供SQ电话服务，这就是她的工作。她丈夫杰里对此十分反感，反而看上了女提琴师，年轻的佐伊。佐伊一直不嫁人，整日逼问母亲她父亲当年为何无故自杀。佐伊认为母亲有不可告人的事，郁郁而自尽。布什一家与凯泽一家一起去公园野餐。比尔和杰里抛下他们妻儿，去追赶两个骑着自行车的青年女子。他们好容易赶上了她们，想和她们搭讪。就在这一刹那，一场大地震开始了，正驾着直升飞机在城市上空盘旋的斯托米目睹了这一奇观。, https://movie.douban.com/subject/1297833/, https://img9.doubanio.com/view/photo/poster/public/p999706895.jpg
北回归线 Tropic of Cancer, 改编自亨利米勒同名小说, 年份: 1970, 暂无评分, The film depicts the adventures of expatriate American writer Henry Miller and his friends, as they pursue art, money, food, and sex in Paris., https://movie.douban.com/subject/3206269/, https://img1.doubanio.com/view/photo/poster/public/p2510054917.jpg
雪国, 改编自川端康成同名小说, 年份: 1965, 7.6, 倚靠家产四处游历的无业学者岛村（木村功 饰）偶然间来到一个名叫雪国的地方，在当地的温泉旅馆，他邂逅了19岁的美丽酒女驹子（岩下志麻 饰）。驹子倾慕岛村的才华，岛村却一心寻欢作乐。离开雪国当晚，这两个身份悬殊之人终于结合在一起。                                                                    回到东京的岛村对驹子念念不忘，次年，他再次回到雪国。此时的驹子已成为艺妓，她为了医好未婚夫行男的病而努力赚钱。岛村的到来令她的感情世界再起波澜。这两个人，注定一段难解难分的爱恨纠缠……                                                                    本片根据日本作家川端康成的同名小说改编。                        ©豆瓣, https://movie.douban.com/subject/1760613/, https://img9.doubanio.com/view/photo/poster/public/p2529534645.jpg
母亲 Мать, 改编自高尔基同名小说, 年份: 1956, 暂无评分, 根据高尔基同名小说《母亲》改编。, https://movie.douban.com/subject/5061837/, https://img9.doubanio.com/view/photo/poster/public/p2516000635.jpg
三个火枪手 The Three Musketeers, 改编自大仲马同名小说, 年份: 2011, 6.7, 在一次行动，三剑客被米莱迪（米拉•乔沃维奇 Milla Jovovich 饰）和白金汉公爵（奥兰多•布鲁姆 Orlando Bloom 饰）背叛暗算，以失败归隐告终乡间。三年后，练就一手好剑术的达达尼昂（罗根•勒曼 Logan Lerman 饰）初出茅庐，来到巴黎投奔火枪队长特雷维尔（马修•麦克费登 Matthew Macfadyen 饰），与三剑客不打不相识，意外成为惺惺相惜的好友，同时也偶遇王后侍女，与之一见倾心。不久后众人意外得知权倾朝野的红衣教主黎塞留（克里斯托弗•沃尔兹 Christoph Waltz 饰）为了自己的灭国计划，想要挑拨英法两国关系，意欲制造一起皇室丑闻，使国王路易十三对王后安娜产生误会。富有正义感的众人为了抗击红衣教主的邪恶阴谋，维护安娜王后的清白，保持英法两国的和平关系，和敌人展开了斗智斗勇的比拼。达达尼昂更是凭借出色的剑术和足智多谋的头脑在这场争斗中崭露头角….                                                                    该片改编自法国作家大仲马的代表作《三个火枪手》。, https://movie.douban.com/subject/4035906/, https://img9.doubanio.com/view/photo/poster/public/p1056072904.jpg
格列佛游记 Gulliver's Travels, 改编自斯威夫特同名小说, 年份: 2010, 6.1, 本片改编自英国作家斯威夫特的同名小说，讲述了格列佛在小人国的奇遇故事。                                                                    格列佛（杰克·布莱克 Jack Black 饰）是一个公司邮政室小职员，岁数也不小，可事业和爱情却都一无所成，平时唯一的爱好就是星球大战玩偶作伴。一次阴差阳错的公派任务，把他带到了百慕大群岛，不料，出海即遭遇到大风暴。待一切风平浪静之后发现自己来到了一个地图上没有的神秘小岛Lilliput，这里住着成百上千“小人”。而自己正被他们用无数根绳子“钉”在了海滩上，成为了他们俘虏。但久而久之，小人国的人民和格列佛变成了好朋友。此时公主（艾米莉·布朗特 Emily Blunt）将被下嫁到另一个国家，但她已有了青梅竹马的爱人，格列佛出面化解了两国的纠纷，还帮助公主和爱人完成终身大事。格列佛因而变成了这里的英雄人物，而这段经历也让他明白了人类的内心的强大与否无关外表。                        ©豆瓣, https://movie.douban.com/subject/3279093/, https://img1.doubanio.com/view/photo/poster/public/p1973692019.jpg
一个人的遭遇 Судьба человека, 改编自肖洛霍夫同名小说, 年份: 1959, 7.9, 获1959年莫斯科国际电影节大奖，并获1960年的列宁奖金。影片忠实地表现了肖洛霍夫的一个哲理思想：任何事物也不能阻止万物苏生。                                                                    影片的故事内容已被它的片名所概括了，它表现了一个普通的人在卫国战争中所经历的家破人亡的悲惨遭遇。战争刚爆发，木工索阔洛夫就上了前线，在战争中，他走过了一条苦难的艰巨道路：他被浮过；在集中营里做过受尽折磨的苦工；又机智地驾车回到了苏军阵地，还俘获了一个德冠少校，带来了重要的情报。战争使索阔洛夫失去了人间所有的亲人和温暖的家，但他并没有变得冷酷无情，并没有被痛苦折磨得失去生存的意志。他不仅自己要坚强地活下去，而且还要以破碎的心灵中的全部的爱去温暖一个无依无靠的弱小生命。影片结尾索阔洛夫把同样在战争中失去一切亲人、露宿街头的小男孩凡尼亚认作儿子这场戏充分地阐明了作品的主题思想：一个遭受战争创伤的人，没有理由永久地为自己的痛楚而哭泣，只要他还活着，他就应该不吝惜自己的爱，去温暖比他更弱小的生命。索阔洛夫终于在生活中找到了精神支柱，这支柱就是人道主义的力量。索阔洛夫是以人道主义的精神来医治自己心灵的创伤的。他在抚慰这颗幼小的心灵的过程中，忘却了自己的伤痕。影片作者自始至终遵循的一个基本创作原则就是真实，这真实是严峻而残酷的。                                                                    本片的导演技巧和造型处理都具有较高的水平，在运用电影表现手段方面是出色而大胆的，并具有革新精神。片中有十分独特的蒙太奇转换，又有前所未有的仰俯拍镜头，影片拍摄时还动用了直升飞机。摄影师弗·莫纳霍夫有自己独特的风格。《一个人的遭遇》是一部独白式的影片，是谢·邦达尔丘克自导自演的，对话极为简约而洗练，影片以卓越的造型处理丰富了原小说的内涵。邦达尔丘克后来拍摄了《战争与和平》《他们为祖国而战》，他曾亲自参加过卫国战争。1956年他曾来我国参加过“苏联电影周”期间的活动。                                                                    个别评论文章认为影片的调子太低沉，但舆论界和广大观众还是肯定这部影片的。, https://movie.douban.com/subject/1307028/, https://img9.doubanio.com/view/photo/poster/public/p2508252286.jpg
牛虻 Овод, 改编自伏尼契同名小说, 年份: 1956, 7.2, 故事发生在十九世纪四十年代的意大利。亚瑟（奥列格·斯特里仁诺夫 Oleg Strizhenov 饰）是一名虔诚的基督教徒，他非常仰慕神学院的蒙泰里尼神父（Nikolai Simonov 饰），将自己未曾享受过的父爱寄托在他的身上。可是，最终亚瑟发现，蒙泰里尼神父竟然就是当年抛弃自己的亲生父亲，他的信仰崩塌了。                                                                    一晃眼13年过去，意大利自由革命如火如荼的进行着，一个外号“牛虻”的青年领袖在运动中格外的活跃，成为了很多年轻人的心灵导师，而这个人就是亚瑟。很快，亚瑟因为遭到了同僚的背叛而锒铛入狱，在狱中，他再一次见到了蒙泰里尼神父，心存最后一丝幻想的亚瑟试图劝说神父和他一起投身革命。                        ©豆瓣, https://movie.douban.com/subject/2033739/, https://img1.doubanio.com/view/photo/poster/public/p2589545297.jpg
沉船 Kashmakash, 改编自泰戈尔同名小说, 年份: 2011, 暂无评分, Rameshchandra Chaudhry, a lawyer by profession, is in love with Hemnalini, and is displeased when he finds that his father wants him to marry Sushilla, the daughter of a widow. He initially refuses despite of his father disowning him, but changes his mind when the bride's mother pleads with him, and gets married without even seeing, leave alone getting to know his bride. After the marriage, they board a boat which overturns after a storm, and they end up being the only survivors. Unable to get Hemnalini out of his mind, he refuses to be intimate with his bride. On talking with her gradually over the next few months, it slowly sinks in that she is not Sushilla but Kamla - the bride of another male! The question remains: what can he do under these circumstances, and what impact will this have on Kamla - who has traditionally accepted him as her husband., https://movie.douban.com/subject/6439458/, https://img9.doubanio.com/view/photo/poster/public/p2569516454.jpg
项链 La parure, 改编自莫泊桑同名小说, 年份: 2007, 7.5, 故事讲述了小公务员的妻子玛蒂尔德为参加一次晚会，向朋友借了一串钻石项链，来炫耀自己的美丽。不料，项链在回家途中不慎丢失。她只得借钱买了新项链还给朋友。为了偿还债务，她节衣缩食，为别人打短工，整整劳苦了十年。最后，得知所借的项链原是一串假钻石项链。, https://movie.douban.com/subject/5361456/, https://img9.doubanio.com/view/subject/l/public/s4535924.jpg
汤姆叔叔的小屋 Onkel Toms Hütte, 改编自斯托夫人同名小说, 年份: 1965, 8.3, 故事发生在十九世纪中叶，有一位对主人忠心耿耿的黑奴，人们都称他为汤姆叔叔（约翰·奇兹米勒 John Kitzmiller 饰）。汤姆叔叔的主人投资失败濒临破产，无奈之下只能将包括汤姆叔叔在内的数十名奴隶卖给了奴隶贩子里格利，一行人跟着里格利浩浩荡荡的向南方出发。                                                                    在途中，汤姆叔叔结识了善良的女孩伊万杰琳，女孩恳求父亲圣克莱尔买下汤姆叔叔。然而，由于圣克莱尔发起了奴隶解放运动而遭到了很多奴隶主的痛恨，最终这位善良的男人死在了暗杀之下。就这样，汤姆叔叔再次成为了里格利的俘虏。汤姆叔叔十分同情女奴卡茜悲惨的身世，为了救她而遭遇了车祸，身受重伤奄奄一息的汤姆叔叔终于明白，没有人能够拯救他们，除了他们自己。                        ©豆瓣, https://movie.douban.com/subject/2083894/, https://img3.doubanio.com/view/photo/poster/public/p1880027580.jpg
玩偶之家 A Doll's House, 改编自易卜生同名剧作, 年份: 1973, 暂无评分, 根据易卜生戏剧《玩偶之家》改编。, https://movie.douban.com/subject/1987149/, https://img9.doubanio.com/view/photo/poster/public/p2530601196.jpg
萌芽 Germinal, 改编自左拉同名小说, 年份: 1993, 8.0, 本片描写19世纪未矿工悲惨命运。在法国北方，在矿山工作的朗蒂埃爱上了一位已委身于马厄的女人凯瑟琳。不久，他因为矿上的生活条件恶劣，于是鼓动工人进行大罢工，但很快就被镇压了。工人复工后，却被一个流亡的虚无主义者破坏了有关设备，致使巷道被水淹没，朗蒂埃等都被困在里面……                                                                    根据19世纪法国著名小说家佐拉著名作品《萌芽》改编。                                                                    本片力量来源于对原著的极其忠实和导演克洛德．贝里的非凡才华：人物个性鲜明，叙事富于激情。但影片也不是十全十美的，它的有些场面说教味太浓，某一情景强调得有些过分或某部分结构有失典雅。在第19届法国电影恺撒奖中茱蒂斯．亨利饰演的凯瑟琳获最佳女演员提名。, https://movie.douban.com/subject/1296601/, https://img2.doubanio.com/view/photo/poster/public/p2553568142.jpg
漂亮朋友 Bel Ami, 改编自莫泊桑同名小说, 年份: 2012, 6.1, 根据“短篇小说之王”莫泊桑的同名小说《漂亮朋友》改编而成。                                                                    老兵乔治·杜瓦洛（ 罗伯特·帕丁森Robert Pattinson 饰）退伍后从非洲只身来到巴黎，在铁道局打杂过着清苦交加的日子。偶然机会碰到昔日战友，在其帮助下进入《法兰西生活报》担任编辑一职，苦心钻营成为“瓦尔特帮”的重要写手，参与倒戈阴谋。凭借一张漂亮的外表和一些取悦女人的伎俩辗转于贵妇人之间，克罗蒂尔德（克里斯蒂娜·里奇 Christina Ricci 饰），玛德莱纳（乌玛·瑟曼 Uma Thurman 饰），瓦尔特夫人（克里斯汀·斯科特·托马斯 Kristin Scott Thomas 饰）都成为他平步青云的牺牲品，他无耻的利用女人来发迹，大搞投机冒险，步步为营跻身上流社会，并最终通过拐骗报馆老板瓦尔特的女儿苏珊（霍利·格林格 Holliday Grainger 饰），与之结婚成为报社总编辑，将权钱名并入囊中，成功得取远大前程。, https://movie.douban.com/subject/3744545/, https://img2.doubanio.com/view/photo/poster/public/p1653824923.jpg
吝啬鬼 L'Avare, 改编自莫里哀同名剧作, 年份: 1980, 8.3, 阿巴贡（路易·德·菲耐斯 Louis de Funès 饰）是个人尽皆知的吝啬鬼，早年丧妻的他带着女儿艾莉丝（Claire Dupray 饰）和儿子克莱昂特（皮埃尔·奥赛达特 Pierre Aussedat 饰）过着平静的生活。靠放高利贷为生的阿巴贡将辛苦赚来的金币埋在了花园里，他将自家花园的地下视为最保险和最安全的所在。                                                                    阿巴贡一直在追求一个名叫玛丽安娜（Madeleine Barbulée 饰）的年轻姑娘，没想到玛丽安娜却和克莱昂特两情相悦，两人在花园里幽会的时候被阿巴贡逮了个正着，这让阿巴贡十分气恼。祸不单行，阿巴贡埋在地下的金币失窃了，克莱昂特向父亲承诺他将查出盗窃金币的罪魁祸首，但作为报酬，他必须祝福他与玛丽安娜的爱情。                        ©豆瓣, https://movie.douban.com/subject/1469239/, https://img2.doubanio.com/view/photo/poster/public/p1621388331.jpg
麦克白 The Tragedy of Macbeth, 改编自莎士比亚同名剧作, 年份: 1971, 7.8, 在与挪威的战役中，苏格兰国王邓肯（Nicholas Selby 饰）的表弟麦克白表现出色，被加封为爵士。早在授爵之前，麦克白（Jon Finch 饰）和朋友班柯（Martin Shaw 饰）就已从三个女巫那里听说他将加封并最终成为国王的预言。预言的实现勾起麦克白心底隐藏的欲望，随后他和夫人（Francesca Annis 饰）杀害了来他城堡做客的国王，并嫁祸国王的随从。两个王子隐隐感到暗杀背后的血腥阴谋，于是分别逃往英格兰和爱尔兰。成功践祚的麦克白不可一世，但他又分明记起女巫针对班柯的预言，即班柯虽然不能成为国王，不过他的子孙将世代为君。不甘为他人做嫁衣的麦克白指示亲信击杀好友，从此开始了一条充满血腥的不归路……                                                                    本片根据莎士比亚四大悲剧之一《麦克白》改编。                        ©豆瓣, https://movie.douban.com/subject/1437096/, https://img9.doubanio.com/view/photo/poster/public/p2205996734.jpg
奥赛罗 The Tragedy of Othello: The Moor of Venice, 改编自莎士比亚同名剧作, 年份: 1951, 7.8, 奥赛罗（奥逊·威尔斯 Orson Welles 饰）生来高大威武，是一员猛将。某日，他遇见了元老的女儿苔丝狄蒙娜（Suzanne Cloutier 饰），一见钟情的两人迅速坠入了爱河。然而，巨大的年龄差距让两人的爱情遭到了众人的强烈反对，婚事亦遥遥无期，两个相爱的人决定私定终身。                                                                    阴险狡诈的伊阿古（Micheál MacLiammóir 饰）将风头正劲的奥赛罗视为眼中钉，企图除之而后快。在向元老告密的阴谋失败之后，伊阿古开始挑拨奥赛罗和苔丝狄蒙娜之间的感情，他伪造了副将凯斯奥（Michael Laurence 饰）和苔丝狄蒙娜之间的定情信物，使得奥赛罗信以为真。愤怒的奥赛罗将苔丝狄蒙娜掐死，却在之后得知了整个事件的真相，悲痛和悔恨之中，奥赛罗选择了死亡。                        ©豆瓣, https://movie.douban.com/subject/1296289/, https://img1.doubanio.com/view/photo/poster/public/p2390892458.jpg
罗密欧与朱丽叶 Romeo + Juliet, 改编自莎士比亚同名剧作, 年份: 1996, 7.5, 罗密欧（莱昂纳多•迪卡普里奥 饰）与茱丽叶（克莱尔•丹妮丝 饰）在一个派对上一见钟情了，这个派对是为了庆祝茱丽叶找到了如意郎君。可是他们各自所在的家族是死对头，常常爆发冲突。罗密欧潜入了茱丽叶家的后院，两人互诉爱意，由于知道家族之间的不和是他们的障碍，所以他们在神父的帮 助下秘密完婚。茱丽叶的表兄泰华是个暴躁的人，他要跟罗密欧决斗可是罗密欧只想和平相处，罗密欧好友莫邱托想杀死泰华，却先被泰华杀死，罗密欧愤怒之下也把泰华杀了。                                                                    罗密欧被驱逐出境，茱丽叶要另嫁他门。神父策划让茱丽叶假死，可是没有收到信件的罗密欧信以为真，在茱丽叶醒来之际，喝下了毒药……                        ©豆瓣, https://movie.douban.com/subject/1306154/, https://img1.doubanio.com/view/photo/poster/public/p1663002649.jpg
王子复仇记 Hamlet, 改编自莎士比亚同名剧作, 年份: 1948, 8.3, 丹麦王子哈姆雷特（劳伦斯·奥利弗 Laurence Olivier 饰）的父王某日在花园中离奇死亡，国王的弟弟克劳迪亚斯登上了王位，并娶原王妃即哈姆雷特的母亲为妻。父亲的突然离世，加上母亲的改嫁，使哈姆雷特终日郁郁寡欢。                                                                    一天哈姆雷特的好友霍拉旭告诉他，每到子夜时分，城堡高台上会出现一个悲愤抑郁的鬼魂。哈姆雷特便在半夜里来到高台上，与父亲的幽魂相会，他从鬼魂口中得知父王为现任国王克劳迪亚斯所杀。鬼魂要求哈姆雷特向那个篡夺王位、霸占王妃的凶手复仇。背负了复仇任务的哈姆雷特决定用假装发疯的办法来掩饰自己，以窥探克劳迪亚斯的一举一动。然而优柔寡断的他迟迟没有动手杀死叔父，正当他犹豫不决时，一个戏班来到了宫廷。他就安排了一场戏，将国王被害一幕以戏剧形式表演出来。国王和王后的反应，让他证实了这场宫廷阴谋……                        ©豆瓣, https://movie.douban.com/subject/1296390/, https://img2.doubanio.com/view/photo/poster/public/p1217889861.jpg
伊豆的舞女 伊豆の踊子, 改编自川端康成同名小说, 年份: 1974, 8.6, 本片改编自川端康成著名小说《伊豆的舞女》。                                                                    即将就读东京某高等学校的川岛（三浦友和）趁开学前的暑假前往伊豆旅行，在乍晴乍雨的山道上，他遇到一群巡回卖艺的歌舞伎艺人，因被其中一个梳着古代发髻、背着大鼓的娇小玲珑舞娘吸引，他决定与他们一起上路，路上，他得知该舞娘叫熏（山口百惠）。川岛不计歌舞伎艺人地位卑微，常邀请他们到他住的旅馆玩耍，而在和熏有过单独相处后，他更被其纯洁无瑕的美震撼，陷入矛盾中，一面为自己难以抑制的冲动而苦恼，一面为她在表演时可能受到侮辱惴惴不安。熏在两人的交往中，也渐渐生出真情。可是两人也只能是彼此生命中的过客。                        ©豆瓣, https://movie.douban.com/subject/1421733/, https://img1.doubanio.com/view/photo/poster/public/p939020358.jpg
罗生门 羅生門, 改编自芥川龙之介小说《竹林中》, 年份: 1950, 8.8, 罗生门，日本京都的正南门。云游和尚、砍柴人和乞丐在城门底下避雨，三人闲聊，话题开始，故事的序幕拉开：一个武士和他妻子路过荒山，遭遇了不测。妻子被侮辱，而武士惨遭杀害。惨案如何酿成？凶手、妻子、借武士亡魂来做证的女巫，都各有说法。                                                                    真相只得一个，但是各人提供证词的目的却各有不同。为了美化自己的道德，减轻自己的罪恶，掩饰自己的过失，人人都开始叙述一个美化自己的故事版本。荒山上的惨案，成了一团拨不开看不清的迷雾。                                                                    谈论完毕，雨过天晴。砍柴人在罗生门旁发现一个哭泣的弃婴。他决定收养下来，抱着婴孩往夕阳深处走去。                        ©豆瓣, https://movie.douban.com/subject/1291879/, https://img2.doubanio.com/view/photo/poster/public/p1598883511.jpg
我是猫 吾輩は猫である, 改编自夏目漱石同名小说, 年份: 1975, 6.8, 本片改编自日本作家夏目漱石的同名小说。淋漓尽致地反映了二十世纪初，日本中小资产阶级的思想和生活，尖锐地揭露和批判了明治“文明开化”的资本主义社会。 这部作品是以一位穷教师家的猫为主人公，以这只被拟人化的猫的视角来观察人类的心理。这是一只善于思索、有见识、富有正义感又具有文人气质、但至死也没有学会捕捉老鼠的猫。, https://movie.douban.com/subject/2973422/, https://img9.doubanio.com/view/photo/poster/public/p2382543425.jpg
千年之恋之源氏物语 千年の恋 ひかる源氏物語, 改编自紫式部小说《源氏物语》, 年份: 2001, 7.2, 故事发生在千年之前的越前国，紫氏部（吉永小百合 饰）嫁给比自己大很多的丈夫，生下女儿贤子。丈夫婚后不久就去世，紫氏一直过着孀居的生活并开始创作小说《源氏物语》。不久，藤原道长唤她来京都担任女儿彰子的老师，希望把彰子调教成皇后最合适的人选。                                                                    紫氏入宫，一边继续创作《源氏物语》，一边给彰子讲其中的故事……这是关于光源氏一生的爱情故事。源氏（天海佑希 饰）俊美无比，从小失去母亲。他岁与左大臣的女儿葵上成婚，但并不爱她。源氏从小对父亲的宠妃藤壶心生爱慕，并发生了乱伦关系。藤壶怀孕生子，使两人都充满负罪感。源氏意外发现一个叫紫上（常盘贵子 饰）的女孩，长得很像藤壶。便把她养在家里，并娶为正式。源氏又相继与明石姬、栊月夜、六条等十数位贵族女性发生了暧昧关系。贵族的糜烂生活，人世的宿命，女人的悲剧，一并听紫氏娓娓道来。                        ©豆瓣, https://movie.douban.com/subject/1303368/, https://img2.doubanio.com/view/photo/poster/public/p510023693.jpg
霍乱时期的爱情 Love in the Time of Cholera, 改编自马尔克斯同名小说, 年份: 2007, 7.4, 长达半个世纪的爱情故事。                                                                    19世纪末期哥伦比亚的喀他赫纳，电报员Florentino Ariza（Javier Bardem 饰）爱上了富商的女儿Fermina Daza（Giovanna Mezzogiorno 饰），他用热情洋溢的情书打动了Fermina Daza的心，二人迅速相恋。然而，由于身份地位的悬殊，Fermina Daza不得不屈从于父亲，离开了喀他赫纳，在年轻的Fermina Daza看来，二人的爱情只是少不更事的幻觉而已。                                                                    几年后，Fermina Daza在父亲的安排下，嫁给了有好感的医生Dr. Juvenal Urbino（Benjamin Bratt  饰）。正值霍乱时期，一个医生丈夫不仅能带来优渥的生活，更是生命有力的保障。Fermina Daza渐渐忘记了当年的事情。可是Florentino Ariza却没有忘记，当年一无所有的青涩少年，继承了伯父的遗产，成为富有的船商，他经历着不同的女人，但是内心却对Fermina Daza念念不忘，他能做的事情，就是等待，等待重逢的那一天，纵然五十多年过去，对她的心意还一如往昔。, https://movie.douban.com/subject/2002743/, https://img2.doubanio.com/view/photo/poster/public/p1634591563.jpg
再见箱舟 さらば箱舟, 改编自马尔克斯小说《百年孤独》, 年份: 1984, 8.2, 偏远隔绝的日本山村，财主时任家的少爷大作（原田芳雄 饰）偷走村里所有住户的钟，将其埋在地下。从此，村中失去时间的概念，止步不前。多年之后，大作的堂弟舍吉（山崎努 饰）和堂妹惠子（新高けい子 饰）结婚，然而惠子的父亲当年为防止不伦之事而给女儿戴上了贞操带。婚后多年，舍吉夫妻因性事甚为苦恼，而舍吉也因没有子女而被村人嘲笑。某天，愤怒的舍吉忍无可忍，刺死了嘲笑他的大作。在此之后，夫妻二人选择逃亡，不过最终还是返回了村中。从此，舍吉便经常能够看到大作的鬼魂，并渐渐开始忘却周遭事物的名称，心性失常。在这个恍如孤岛的村落，怪诞的事情接连发生，从未停止……                                                                    本片为先锋导演寺山修司遗作。                        ©豆瓣, https://movie.douban.com/subject/1401522/, https://img1.doubanio.com/view/photo/poster/public/p2561918107.jpg
小径分岔的花园 Сад., 改编自博尔赫斯同名小说, 年份: 1983, 6.2, This short movie was the first work of Aleksandr Kajdanovsky as a director, unfortunately much known for his acting career.                                                                    He wrote the script in just one night, based on the short story "The garden of forking paths" by Jorge Luis Borges.                                                                    There was always something mysterious and tragic about him, as a preview of his premature death.                                                                    He rejected conventionalisms, and opened his soul just with the ones he really loved.                                                                    Friends said that "Aleksandr was like an antenna, he could catch every signal of hypocrisy".                                                                    Maybe that's why he left just a few people to get into his inner world, without still being a loner as he always was., https://movie.douban.com/subject/5294299/, https://img2.doubanio.com/view/photo/poster/public/p835901083.jpg
第二十二条军规 Catch-22, 改编自约瑟夫海勒同名小说, 年份: 1970, 7.5, 迈克·尼科尔斯执导的一部黑色反战喜剧片。描述二次世界大战期间，驻扎在地中海的一个美国空军基地，有很多官兵想法逃避飞行任务及获得不法之财。本片是一部内容丰富的黑色反战喜剧，开始的片段拍得很有气派，但其后的发展却稍嫌混乱松散，未能贯穿主题。不过，有许多片段都拍得相当出色，而且娱乐性不低。, https://movie.douban.com/subject/1293510/, https://img1.doubanio.com/view/photo/poster/public/p2576914157.jpg
洛丽塔 Lolita, 改编自纳博科夫同名小说, 年份: 1962, 7.8, 在大学教授法文的亨博特（James Mason 詹姆斯•梅森 饰）少年时期曾有一段刻骨铭心的经历，当年的初恋情人不幸夭亡，令他此去经年依旧对那些充满青春气息的少女有着别样情感。                                                                    因工作之需，亨博特寻找住房，因此结识了寡妇夏洛特（Shelley Winters谢利•温特斯 饰）及其妖精一般的女儿洛丽塔（Sue Lyon 休•莱昂 饰）。夏洛特迷上了这位儒雅庄重的大学教师，一心与之交往；而亨博特却迷恋上了青春逼人的洛丽塔，为了和这个精灵长相厮守，甚至违心与夏洛特结婚。他将对洛丽塔的情感全部写进日记，锁入抽屉。直到某天夏洛特打开了潘多拉宝盒，他们的命运从此改变……                                                                    本片根据作家纳博科夫同名小说改编。                        ©豆瓣, https://movie.douban.com/subject/1296992/, https://img9.doubanio.com/view/photo/poster/public/p2564370214.jpg
在路上 On the Road, 改编自凯鲁亚克同名小说, 年份: 2012, 7.1, 赛尔(萨姆·赖利 Sam Riley 饰) 是一个追寻灵感，渴望遨游的年轻作家，迪安·莫里亚蒂（加内特·赫德兰 Garrett Hedlund 饰）则是个风流率性，曾几进监狱的不安少年，还娶了16岁的浪荡姑娘玛丽露（克里斯汀·斯图尔特 Kristen Stewart 饰）为妻。然而赛尔十分喜欢迪安充满激情的生活，迪安则钦佩赛尔的风度与学识，三个迷恋自由的年轻人结识后，很快便决定抛下生活，一同行走在路上。他们一路搭便车，吸大麻，行时高歌，醉时沉思。在穿越美国东西的大道上，放浪形骸，追寻自我，燃烧青春。                                                                    影片改编自美国作家杰克·凯鲁亚克的自传性同名小说，该小说被奉为“跨掉的一代”的圣经。                        ©豆瓣, https://movie.douban.com/subject/1907465/, https://img9.doubanio.com/view/photo/poster/public/p1758673545.jpg
愤怒的葡萄 The Grapes of Wrath, 改编自斯坦贝克同名小说, 年份: 1940, 8.5, 刚从监狱释放出来的Tom Joad （亨利·方达 Henry Fonda饰）回到俄克拉荷马的家的时候却发现原来的家里已经空无一人，打听之下才从农民Jim Casy（约翰·卡拉丁 John Carradine饰）口中得知，随着工业的发展，当地的农民们都被迫离开该地。Tom和Jim在Tom的叔父家里找到了Tom的家人，一家人决定到加利福尼亚去寻找新的工作。一家人把所有的行李都放在一辆卡车上便出发了。路上，Tom的祖母去世了。他们发现了一个地方，专门召集像他们这样的人在那里工作，他们在那里安顿了下来。然而Jim却意外死亡，Tom为了给他报仇也杀了人，只能匆匆逃亡。一家人只能离开，去寻找下一个安身的地方，无家可归的农民们到底路在何方.....                                                                    本片改编自斯坦贝克的同名小说，获1941年奥斯卡最佳导演奖。                        ©豆瓣, https://movie.douban.com/subject/1292465/, https://img9.doubanio.com/view/photo/poster/public/p797727996.jpg
老人与海 The Old Man and the Sea, 改编自海明威同名小说, 年份: 1990, 7.9, 孤独年迈的古巴老渔夫圣地亚哥在连续八十四天没捕到鱼的情况下，不舍不弃，只身驾船赶赴人迹罕至的墨西哥海湾，终于在第五天钓上一条十八英尺长的大马林鱼。经过两昼夜的殊死捕斗，筋疲力尽的圣地亚哥最终降服了这条前所未见的大鱼，并把它绑在了小船的侧舷上。夜色降临，遍体鳞伤的圣地亚哥满怀喜悦地返航，却没料到，看似平静的海面上，一大群饿疯了的鲨鱼正循着血腥味尾随而来……, https://movie.douban.com/subject/1857920/, https://img2.doubanio.com/view/photo/poster/public/p2639983562.jpg
太阳照样升起 The Sun Also Rises, 改编自海明威同名小说, 年份: 1957, 7.2, 美国青年巴恩斯（泰隆·鲍华 Tyrone Power 饰）在第一次世界大战之中身受重伤，就此失去了性能力。战争结束之后，巴恩斯来到了巴黎，在那里成为了一名记者。当性感美艳的阿什利夫人（艾娃·加德纳 Ava Gardner 饰）出现在了巴恩斯的生命中后，两人很快就走到了一起。                                                                    然而，巴恩斯并不能够给阿什利带来真正的快乐，两人的关系因此陷入了困苦的局面之中。之后，他们和一帮朋友一同前往西班牙参加斗牛节，在那里，阿什利邂逅了名为罗梅罗（罗伯特·埃文斯 Robert Evans 饰）的年轻斗牛士。然而，这段激情四射的艳遇并没能够持续多久，最终，阿什利还是回到了巴恩斯的身边。                        ©豆瓣, https://movie.douban.com/subject/1304426/, https://img2.doubanio.com/view/photo/poster/public/p2548969623.jpg
战地春梦 A Farewell to Arms, 改编自海明威小说《永别了，武器》, 年份: 1957, 6.8, 故事发生在第一次世界大战期间，在一座战地医院里，弗雷德（洛克·哈德森 Rock Hudson 饰）邂逅了美丽的女护士凯瑟琳（珍妮弗·琼斯 Jennifer Jones 饰），随着时间的推移，两人渐渐走到了一起，成为了爱侣。在一场战斗中，弗雷德的双腿受伤，必须在病床上静养半年，在这半年里，正是凯瑟琳负责照顾他的饮食起居。这朝夕相处的半年为两人的感情奠定了坚实的基础。                                                                    凯瑟琳怀孕了，虽然这对于这对小情侣来说是件喜事，但他们也因此而被赶出了医院。无穷无尽的战争让弗雷德深感疲倦，于是他决定带着凯瑟琳逃出意大利，寻找他们的桃源乡。可是，一切美好的想象都还没来得及变成现实，凯瑟琳就因为难产而失去了年轻的生命。                        ©豆瓣, https://movie.douban.com/subject/1303300/, https://img9.doubanio.com/view/photo/poster/public/p2412172146.jpg
战地钟声 For Whom the Bell Tolls, 改编自海明威同名小说, 年份: 1943, 7.5, 背景是1937年的西班牙内战。来自美国的大学老师罗勃跟白求恩一样到西班牙帮助当地人民抗击法西斯。他在完成炸火车任务后，被派一项新任务：跟自发组成的游击队联手，炸毁峡谷上的铁桥。他认识并爱上了美丽的玛莉亚。玛莉亚是市长的女儿，但父母均被法西斯杀害，玛莉亚也遭侮辱。在共同理想的催化下，他们相爱了，但罗勃却在这场战斗中牺牲。, https://movie.douban.com/subject/1293008/, https://img2.doubanio.com/view/photo/poster/public/p2166999212.jpg
乱世佳人 Gone with the Wind, 改编自玛格丽特米切尔同名小说, 年份: 1939, 9.3, 美国南北战争前夕，南方农场塔拉庄园的千金斯嘉丽（费雯·丽 Vivien Leigh 饰）爱上了另一个农场主的儿子艾希礼（莱斯利·霍华德 Leslie Howard 饰），遭到了拒绝，为了报复，她嫁给了自己不爱的男人，艾希礼妻子梅兰妮（奥利维娅·德哈维兰 Olivia de Havilland 饰）的弟弟查尔斯。                                                                    战争期间，斯嘉丽成为寡妇，失去母亲，挑起生活的重担， 不再是当初的千金小姐；战争结束后，她又两度为人妻，嫁给了爱她多年的投机商人瑞德（克拉克·盖博 Clark Gable 饰）。                                                                    然而，纵使经历了生活的艰苦，斯嘉丽对艾希礼的感情仍然没有改变。艾希礼妻子梅兰妮的去世，给了斯嘉丽一个机会，一边是深爱自己的丈夫瑞德，一边是心心念念多年的艾希礼？斯嘉丽会给自己怎样一个不一样的明天？                        ©豆瓣, https://movie.douban.com/subject/1300267/, https://img3.doubanio.com/view/photo/poster/public/p1963126880.jpg
了不起的盖茨比 The Great Gatsby, 改编自菲茨杰拉德同名小说, 年份: 1974, 7.9, 汤姆（布鲁斯•邓恩 Bruce Dern 饰）和黛西（米亚•法罗 Mia Farrow 饰）的婚姻并不幸福，因为汤姆是一个花花公子，经常出去鬼混。汤姆还经常和与他们相邻的黛西的舅舅尼克一起出席舞会，寻欢作乐。尼克的邻居盖茨比是个神秘的有钱人，他经常邀请尼克参加宴会，两人很快相熟。相熟后，盖茨比（罗伯特•雷德福 Robert Redford 饰）邀请尼克带着他的侄女黛西来他家作客。此时，黛西认出了盖茨比。原来盖茨比是黛西5年前的恋人，只因当年盖茨比只是一个穷小子，为了改变命运而出国拼搏，黛西正是在这个时候与汤姆结了婚。两人很快旧情复燃。                                                                    一次宴会，黛西又和汤姆吵翻了，借酒消愁的她酒后和盖茨比一起开车回家时不幸撞死了汤姆的情妇。为了昔日的情人，盖茨比决定挺身而出。                        ©豆瓣, https://movie.douban.com/subject/1297239/, https://img2.doubanio.com/view/photo/poster/public/p2081917343.jpg
嘉丽妹妹 Carrie, 改编自德莱赛同名小说, 年份: 1952, 8.2, 嘉莉（珍妮弗·琼斯 Jennifer Jones 饰）出身于偏僻贫穷的山村，长大之后，她来到了繁华的大都市芝加哥，希望能够在这里过上自己梦想中的生活。然而，现实却是残酷的，拮据的经济让她不得不过着寄人篱下的日子。一次偶然中，嘉莉在火车上遇见了名为杜洛埃（埃迪·艾伯特 Eddie Albert 饰）的男子，杜洛埃多金又慷慨，嘉莉遂即同他开始了同居生活。                                                                    之后，嘉莉又遇见了酒店老板赫斯渥（劳伦斯·奥利弗 Laurence Olivier 饰），在赫斯渥的身边，嘉莉总算过上了梦想中荣华富贵纸醉金迷的生活。可是好景不长，一场意外让赫斯渥千金散尽，就在两人举步维艰之时，嘉莉得到了一份在歌剧院的工作，嘉莉凭借着自己的美貌和歌喉很快蹿红，面对突然获得的财富和名誉，嘉莉决定抛弃赫斯渥。                        ©豆瓣, https://movie.douban.com/subject/1294945/, https://img9.doubanio.com/view/photo/poster/public/p2685807504.jpg
布拉格之恋 The Unbearable Lightness of Being, 改编自昆德拉小说《生命中不能承受之轻》, 年份: 1988, 8.2, 本片根据米兰·昆德拉的同名小说改编。1968年，布拉格外科手术医生托马斯（丹尼尔·戴-刘易斯 Daniel Day-Lewis 饰）生活在对女人追逐的快乐中，享受着性的快感。画家萨比娜（莉娜·奥琳 Lena Olin 饰）是托马斯的红颜知己，但在一次去温泉疗养院出诊的过程中，托马斯结识了女招待特蕾莎（朱丽叶·比诺什Juliette Binoche 饰）。不久，特蕾莎只身来到布拉格，二人结婚。托马斯在婚后依然不改与萨比娜或其他女人偷情的恶习，特蕾莎无法忍受托马斯的不忠，深夜出走，却碰上苏联武装入侵捷克。三人先后逃亡至瑞士日内瓦，萨比娜认识了当地大学教授弗兰茨（德雷克·德·林特 Derek de Lint 饰），特蕾莎失去工作终日闷闷不乐，带着小狗卡列宁孤身重返布拉格。在自由与束缚之间，托马斯究竟该如何选择呢？                                                                    本片是1988年美国十佳影片之一，获1989年奥斯卡最佳摄影、最佳改编剧本提名，金球奖最佳剧情片和最佳女配角（莉娜·奥琳）提名，并获英国电影电视协会最佳改编剧本奖，美国影评人协会最佳导演和最佳影片奖。, https://movie.douban.com/subject/1291859/, https://img1.doubanio.com/view/photo/poster/public/p1910915447.jpg
变形记 Die Verwandlung, 改编自卡夫卡同名小说, 年份: 1975, 7.5, Jan Němec's original proposal in 1966 to adapt Kafka's Metamorphosis as a theatrical feature was rejected by the Czech state film board. In 1974, he was forced into exile -- first seeking refuge in Germany:                                                                    CER: What impact did emigration from Czechoslovakia have on you personally and professionally?                                                                    JN: I have never emigrated. I was an exile. There is a very big difference. An emigrant is somebody who decides to leave the country, while an exile is chased away, like J A Komenský. In 1974, they wanted to put me in prison, but they gave me a choice, as with Milan Kundera. We were told that the criminal prosecution would be canceled if we applied for a legal departure motivated not by political protest but by a working contract.                                                                    I took this offer and left the country legally, so I had a Czech passport for another two years. But it was not like traveling. I couldn't come back. If I had, they would have seized my passport and began the criminal prosecution all over again, and I would be in prison. After two years they stripped me of my citizenship. So I have never emigrated and I have never applied for political asylum. I was "stateless," with no citizenship or no legal papers., https://movie.douban.com/subject/2070004/, https://img9.doubanio.com/view/photo/poster/public/p2527117555.jpg
城堡 Das Schloß, 改编自卡夫卡同名小说, 年份: 1997, 6.6, 土地测量员K（Ulrich Mühe 饰）在冬夜里抵达某个村子，以便执行附近城堡委托的工作，他在一家客店安顿下来之后一位年轻人到来向他索要不存在的许可证，以此为开端，K为进入城堡而穷其所能。第二天，一对双胞胎助手与K汇合，但他们对自己的工作一无所知，城堡方面在电话里声称K等人永远无法进入城堡。城堡的信使巴纳贝随即赶到，表示可以为K提供帮助，K被指引前往旅馆面见城堡的重要人物克拉姆，K试图通过克莱姆的情妇弗里达达到目的，他与弗里达发生了关系并订婚，K与村长相谈得知自己工作的由来，并因村长得到了学校的工作，他和弗里达暂时有了栖身之所。K再次拜访巴纳贝家却造成弗里达的绝望，进入城堡的希望仍然渺茫……                                                                    本片根据卡夫卡的同名小说改编。                        ©豆瓣, https://movie.douban.com/subject/1439126/, https://img2.doubanio.com/view/photo/poster/public/p2192617583.jpg
审判 Le procès, 改编自卡夫卡同名小说, 年份: 1962, 8.6, 改编自卡夫卡的存在主义小说，以《触目惊心》(1960)成名的安东尼．柏坚斯饰演异境人物「K」，一朝醒来便发觉警察在旁，说他要接受审判，但无人告诉他干犯何罪。为了表示清白，K试图挑战司法制度，但悲剧人物始终逃不过卡夫卡式幽闭梦魇。影片卡士庞大，威尔斯依旧粉墨登场，还有法国 大美人珍．摩露，负责拍摄的是布纽尔的御用摄影师。影片以黑白菲林呈现超现实的封闭时空，威尔斯在影像实验中继续潇洒前行，从庞大的布景和众多的群众演员中，说明了他如何精心筹划出电影的无边国度。威尔斯自言这是他的最佳电影。, https://movie.douban.com/subject/1303554/, https://img2.doubanio.com/view/photo/poster/public/p1725358653.jpg
一个女人一生中的24小时 24 heures de la vie d'une femme, 改编自茨威格同名小说, 年份: 2002, 7.2, 改编自奥地利小说家茨威格的作品，这部电影将背景分别设在1913、1936和2001年。一个78岁的老人路易斯回到赌场以及他小时侯的海边胜地，他遇上了奥利维娅，一个年仅19岁的小女孩，她迷上了一个暴戾的车夫。路易斯在回忆1913的时候与一个年轻的波兰女赌徒发生的“韵事”，与此同时，他也倾述了在1936年自己母亲与他的意大利籍网球教练的一段风流史，还有一个叫做马莉布朗的老寡妇曾经帮助过他自己度过难关的事件。, https://movie.douban.com/subject/1307995/, https://img9.doubanio.com/view/photo/poster/public/p2555039105.jpg
一封陌生女子的来信 Letter from an Unknown Woman, 改编自茨威格同名小说, 年份: 1948, 8.0, 影片改编自著名作家兹威格的同名小说，由美国环球影片公司出品。                                                                    1885年，14的丽莎（琼·芳登 Joan Fontaine 饰）暗恋着住在隔壁的钢琴家斯蒂芬（路易斯·乔丹 Louis Jourdan 饰）。风流的斯蒂芬常把女人带进他的寓所，而年少的丽莎则对那个神秘世界羡慕不已。即便搬走后她仍对钢琴家难以忘怀。当她出落成了一个美丽的女郎，回来寻找钢琴家，并同他发生了关系。钢琴家很快将丽莎如其他女子般遗忘。丽莎生下了他的儿子后来嫁给了一个奥地利贵族。15年后，两人再次相逢，她离开丈夫最后一次献身于这个她惟一所爱的男人，钢琴家如往常一样逢场作戏，并将她很快忘记。最后儿子得伤寒而死，心力交瘁丽莎写了封长信给钢琴家，述说了15年来她从未停止的爱。丽莎死后，悲痛的丈夫要求同钢琴家决斗，在读到丽莎这封感人至深的信后，原本准备逃走的他登上了驶往决斗地的马车……                        ©豆瓣, https://movie.douban.com/subject/1297228/, https://img2.doubanio.com/view/photo/poster/public/p2164352043.jpg
荒原狼 Steppenwolf, 改编自黑塞同名小说, 年份: 1974, 7.2, 哈勒尔（马克斯·冯·叙多夫 Max von Sydow 饰）是一名作家，愤世嫉俗的他非常看不惯当代社会的很多生活习惯，无法融入社会的他常常把自己锁在家中闭门不出，在孤独和黑暗里，哈勒尔的精神来到了崩溃的边缘。一天，在机缘巧合之下，哈勒尔读了一本名叫《评荒原狼》的书，书中所写的内容令他醍醐灌顶，他觉得这本书简直就是为了他量身定制的。                                                                    一次偶然中，哈勒尔解释了酒吧女郎赫尔米娜，在她的介绍之下，又认识了音乐人帕布洛和女孩玛利亚（多米妮克·桑达 Dominique Sanda 饰）。当哈勒尔发现赫尔米娜和帕布洛有一腿后，嫉妒的趋势之下，失去理智的哈勒尔杀死了赫尔米娜。                        ©豆瓣, https://movie.douban.com/subject/2237443/, https://img1.doubanio.com/view/photo/poster/public/p2553474368.jpg
凯旋门 Arch of Triumph, 改编自雷马克同名小说, 年份: 1948, 6.7, In winter of 1938, Paris is crowded with refugees from the Nazis, who live in the black shadows of night, trying to evade deportation. One such is Dr. Ravic, who practices medicine illegally and stalks his old Nazi enemy Haake with murder in mind. One rainy night, Ravic meets Joan Madou, a kept woman cast adrift by her lover's sudden death. Against Ravic's better judgement, they become involved in a doomed affair; matters come to a crisis on the day war is declared., https://movie.douban.com/subject/1298630/, https://img9.doubanio.com/view/photo/poster/public/p2174557806.jpg
西线无战事 All Quiet on the Western Front, 改编自雷马克同名小说, 年份: 1930, 8.8, 第一次世界大战期间，德国政府以漂亮的口号呼吁年轻热情的学生志愿者投身战场保家卫国。一腔热血的德国青年保罗·鲍曼（卢·艾尔斯 Lew Ayres饰）怀着英雄理想投身到一战之中。然而当保罗和他的同学们经过训练后，被派往西线参战时，他们目睹到的却是残酷的饥饿、血腥和死亡。战争的荒谬无情让保罗从迷恋战争到心灰意冷，因伤返乡。可是愚昧的乡民根本不知前线的危急，保罗义愤填膺地向学生陈述战争的无情，西线无战事。他提前结束休假返回前线，在战壕中伸手捕捉一支蝴蝶时，不幸被流弹击中。                                                                    由好莱坞著名导演刘易斯·迈尔斯通执导的经典反战题材影片《西线无战事》，改编自德国作家雷马克的同名小说。这部堪称电影史上“最伟大的反战电影”之一的影片，一举荣获1930年第3届奥斯卡金像奖最佳影片、最佳导演和最佳编剧提名。导演用简明精练的镜头再现了惨绝人寰的战争实况，也以细腻流畅的手法写活了保罗爱国迷梦的幻灭。影片结尾处保罗捉蝴蝶被子弹击中的镜头，已成为电影史上的经典瞬间。, https://movie.douban.com/subject/1295116/, https://img1.doubanio.com/view/photo/poster/public/p2209784767.jpg
布登勃洛克一家 Buddenbrooks, 改编自托马斯曼同名小说, 年份: 2008, 7.4, 父亲去世后，小约翰（阿明·缪勒-斯塔尔 Armin Mueller-Stahl 饰）接替了父亲的职位掌管了公司。小约翰有三个孩子托马斯、克里斯蒂（奧古斯特·迪赫 August Diehl 饰）和安东尼（洁西卡·史瓦兹 Jessica Schwarz 饰），聪明勤恳的克里斯蒂老老实实的跟着约翰学本领，深受约翰的信赖，而托马斯则和他恰恰相反，喜欢看戏的他总是神龙见首不见尾。                                                                    大女儿安东尼眼看就要到了家人的年纪了，约翰相中了一个名叫格林利希（尤斯图斯·冯·多赫纳尼 Justus von Dohnanyi 饰）的青年商人，觉得他和自己的女儿简直是门当户对，但是安东尼却非常讨厌这个油腔滑调的男人。之后，安东尼邂逅了另一个年轻人，体会到了爱情的悸动。                        ©豆瓣, https://movie.douban.com/subject/2123586/, https://img1.doubanio.com/view/photo/poster/public/p2199909229.jpg
鼠疫 La peste, 改编自加缪同名小说, 年份: 1992, 暂无评分, In the 1990s, a South American city is rocked by the imminent outbreak of a plague. While many attempt to flee the city, Dr Bernard Rieux sends his sick wife away and does his best to care for the plague's victims. The plague means different things to different people: to the doctor, it's a disease to be cured. To a pair of French journalists, it's a breaking news story. To religious leaders, it's punishment for sins. As the sense of isolation and hopelessness grow, Dr Rieux and his associates begin to question their previously-accepted feelings of justice, loneliness, and love., https://movie.douban.com/subject/1418750/, https://img2.doubanio.com/view/photo/poster/public/p2509149153.jpg
局外人 Lo straniero, 改编自加缪同名小说, 年份: 1967, 6.8, 《局外人》是说一个在阿尔及利亚的法裔小职员，孤独内向，不善与人沟通，而且周围也没有人关心他。他对社会的一切事情漠不关心，甚至母亲的去世也没有让他过于伤感。后来他不慎枪杀一个流氓，却第一次引起了社会对他的关注，法庭也以他在母亲的葬礼的表现、平日生活的行为等等推断他本质顽劣。他不接受神父的告解，却对自己的生死有着肯定的看法。现实生活的荒谬，使得这个小职员成为一个无意中与法律和传统习俗格格不入的局外人。, https://movie.douban.com/subject/2004354/, https://img3.doubanio.com/view/subject/l/public/s4399790.jpg
被侮辱与被损害的 Униженные и оскорблённые, 改编自陀思妥耶夫斯基同名小说, 年份: 1991, 7.9, 青年作家伊万（尼基塔·米哈尔科夫 Nikita Mikhalkov 饰）深爱着美丽的女孩娜塔莎（娜塔莎·金斯基 Nastassja Kinski 饰），可娜塔莎喜欢的却是富家公子阿洛沙。娜塔莎出身于平民之家，她和阿洛沙的这段感情自然遭到了公爵的强烈反对，公爵希望阿洛沙能够迎娶门当户对的富家千金卡嘉，并为两人制造了很多相处的机会。                                                                    渐渐的，阿洛沙淡忘了娜塔莎，将对她倾诉的誓言一并抛之脑后，公爵破坏了娜塔莎的爱情还不觉得过瘾，咄咄逼人的利用伊万继续羞辱着娜塔莎。一次偶然中，伊万救下了一个孤苦伶仃的小女孩，巧合的是，她的母亲竟然正是曾经被公爵辜负过的可怜女人，她早因为公爵的恶行而撒手人寰。                        ©豆瓣, https://movie.douban.com/subject/3627055/, https://img1.doubanio.com/view/photo/poster/public/p2509149428.jpg
追忆似水年华 Le temps retrouvé, d'après l'oeuvre de Marcel Proust, 改编自普鲁斯特同名小说, 年份: 1999, 7.6, 人在死亡之前，这一生会在眼前快转而过；《追忆似水年华》是濒死之际，追忆此生的一切。 随著意识流动，看著照片想起与此人相关的往事，又从往事中的一个细微动作/物品，回忆到与其相关的其它过往，如此再三地自由联想，便复杂交错地勾勒出了主角马塞尔的一生。                                                                                                                                        要以短短的2个小时又40分钟的影片，呈现《追忆似水年华》这部原著钜作的所有，无疑是缘木求鱼，因此导演聪明地抓住原著中意识流之感，让观众一如进入梦境般，随著马塞尔的思绪跃动，反覆穿梭在马塞尔漫漫一生的各个经验翦影中，感受到回忆之玄妙，却也让人容易在其中迷了路。                                                                                                                                        片中不时出现超现实的场景转换，如马塞尔坐在椅子上，新闻电影银幕之前滑动；马塞尔在街道上走到一半突然滑跤，在身体前扑之际静止，然后背景不断转换，接著他滑到了下一个场景；或者进入一个雕像错落的异空间，观众恍如置身梦境，也充分表达了「追忆」这件事，其实与「做梦」极为相似。而片中不断出现的静止画面、雕像意像，更表达了止凝吉光片影，紧握回忆的企图。                                                                                                                                        在追忆之时，也不免对「回忆」提出辩证：「如果遗忘所带来的回忆，不再与当下有任何联系，就能让我们瞬时体验新的气象，其实，我们早已体验过这些了……每一次类比的浮想，总将我带离现在……」                                                                                                                                        片尾也以雕刻师萨维尼的故事表达了「永恒」的意念，只要曾发生过，便是永恒，它不会消失，只是不再回来，因此能鲜活地历历在心。, https://movie.douban.com/subject/1301670/, https://img9.doubanio.com/view/photo/poster/public/p2554803835.jpg
约翰·克利斯朵夫 Jean-Christophe, 改编自罗曼罗兰同名小说, 年份: 1978, 7.9, 八集电视电影，根据罗曼·罗兰小说改编。八十年代曾在中央电视台播出。, https://movie.douban.com/subject/1462497/, https://img1.doubanio.com/view/photo/poster/public/p2626407329.jpg
蝇王 Lord of the Flies, 改编自戈尔丁同名小说, 年份: 1963, 7.8, 它籍著一群因为战争被迫漂流到一座与世隔绝的热带小岛上的少年们，由无知天真最后演变成动物般野蛮，来突显希特勒式战争的恐怖，并且阐释自古至今人类潜在的野蛮特质，他认为，人类制造罪恶就像蜜蜂制造蜂蜜般自然。在片中这群孩子很快就分成两个党派，一是由瑞福为首，这个深思熟虑的孩子倡导民主制度。站在瑞福这边的是胆小没有主见的胖子孩皮吉，然而最后反因自己的弱点而遭不测，杰克是反对阵营的老大，他残暴、专制的特性将大家带领至野蛮的生活形式中，猎兽、互相斗争···, https://movie.douban.com/subject/1421051/, https://img1.doubanio.com/view/photo/poster/public/p1991999968.jpg
黛洛维夫人 Mrs. Dalloway, 改编自伍尔芙同名小说, 年份: 1997, 7.4, 议员瑞查得（约翰·斯坦丁 John Standing 饰）和妻子克罗丽萨（瓦妮莎·雷德格瑞夫 Vanessa Redgrave 饰）结婚已经三十余年了，彼此之间感情十分稳定。克罗丽萨正在准备一场盛大而奢华的宴会，这样的“工作”她已经进行了无数次，自然将一切打点得井井有条。                                                                    一位名为彼得（艾伦·考克斯 Alan Cox 饰）不速之客的出现让克罗丽萨的思绪回到了从前，彼时，她是风华正茂的少女，遇见了同样年轻英俊的彼得，两人情投意合，在一起度过了一段难忘的快乐时光。然而，瑞查得的出现却彻底改变了这一对佳偶的命运，最终，克罗丽萨选择了瑞查得，失望的彼得远走他乡。如今，彼得再度回到了克罗丽萨的身边，克罗丽萨发现，一种久违的激情和火热在胸中来回攒动。                        ©豆瓣, https://movie.douban.com/subject/1358443/, https://img2.doubanio.com/view/photo/poster/public/p2516154391.jpg
到灯塔去 To the Lighthouse, 改编自伍尔芙同名小说, 年份: 1983, 暂无评分, A faithful dramatization of Virginia Woolf's novel. A lecturer, his family, the spinster Aunt Lily, an old friend, and a student, Charles Tansley, spend a summer in an isolated house in Cornwall just before World War I. The stern Mr. Ramsay scolds everybody, while Mrs. Ramsay is the linchpin in keeping the family together. Aunt Lily paints, and the family talk about sailing to the lighthouse, but the trip is always postponed, https://movie.douban.com/subject/5049648/, https://img1.doubanio.com/view/photo/poster/public/p2532075349.jpg
尤利西斯 Ulysses, 改编自乔伊斯同名小说, 年份: 1967, 7.4, 诗人斯蒂芬·代达罗斯生于1904年6月16日，他整日穿梭于大都市中，结识了中年犹太人利奥波德，这人待他如慈父一般。同时，在他最辉煌的时代，一场突如其来的葬礼以及当晚的酗酒和狂欢激起了斯蒂芬对父亲的思念，让他明白他最终的感情归属，他也最终原谅了不忠贞的妻子并与之同归于好。, https://movie.douban.com/subject/1304578/, https://img2.doubanio.com/view/photo/poster/public/p2557659232.jpg
查泰莱夫人的情人 Lady Chatterley, 改编自劳伦斯同名小说, 年份: 2006, 6.5, 一战结束后，查泰来爵士（西波里特•吉拉多特 Hippolyte Girardot 饰）因伤失去了双腿，成了只能摇着轮椅生活的残疾人。虽然他偶尔会约朋友一起吃饭聊天，但是他的夫人康斯坦丝（玛丽娜•汉斯 Marina Hands 饰）却陷入了无聊与寂寞之中。看着她神色日渐憔悴，朋友带她去看医生希望得到救治，结果大夫检查后说她并无疾病，只是由于长期没有夫妻生活所以身体虚弱。一次偶然的机会，她在弗雷格比庄园的树林里结识了壮硕的园丁帕尔金（让-路易•顾洛克 Jean-Louis Coullo'ch 饰），并逐渐对他产生爱慕。两个人于是开始了偷情。这段关系开始后，夫人的病不治而愈，但是她的内心却更加忐忑不安，生怕秘密被丈夫揭穿……                                                                    本片根据英国作家劳伦斯的同名小说改编，获得法国电影恺撒奖5项大奖。                        ©豆瓣, https://movie.douban.com/subject/1917080/, https://img9.doubanio.com/view/photo/poster/public/p1394317615.jpg
儿子与情人 Sons and Lovers, 改编自劳伦斯同名小说, 年份: 1960, 6.9, 剧情描述年轻矿工保罗个性文静而敏感，其母葛楚因与时常酗酒的丈夫感情不睦，竟转向儿子寻求爱的寄托，情感超过了正常的母爱。这种情形影响了保罗跟女朋友米莉安的交往，米莉安因家庭严格的宗教观念影响，使她只想追求精神恋爱而排斥肉体的热情。保罗为了摆脱母亲的控制与女友的感情打击，竟一头投入与夫分居的女工克莱拉的怀抱，但旋即发现两人在精神上缺乏沟通。最后，保罗抛弃了这座单调乏味的煤矿小镇，到异乡另闯天下                                                                    根据D．H劳伦斯自传体原著小说改编的英国文艺片，由杰出摄影师出身的杰克·卡迪夫执导，曾获奥斯卡最佳摄影奖。本片对保罗的复杂心理状态刻划得相当细腻，迪安·斯托克韦尔、特雷弗·霍华德和温迪·希勒这一家三口也演得出色。, https://movie.douban.com/subject/1299477/, https://img9.doubanio.com/view/photo/poster/public/p2515015985.jpg
月亮和六便士 The Moon and Sixpence, 改编自毛姆同名小说, 年份: 1942, 7.9, 一个英国证券交易所的经纪人，本已有牢靠的职业和地位、美满的家庭，但却迷恋上绘画，像“被魔鬼附了体”，突然弃家出走，到巴黎去追求绘画的理想。他的行径没有人能够理解。他在异国不仅肉体受着贫穷和饥饿煎熬，而且为了寻找表现手法，精神亦在忍受痛苦折磨。经过一番离奇的遭遇后，主人公最后离开文明世界，远遁到与世隔绝的塔希提岛上。他终于找到灵魂的宁静和适合自己艺术气质的氛围。他同一个土著女子同居，创作出一幅又一幅使后世震惊的杰作。在他染上麻风病双目失明之前，曾在自己住房四壁画了一幅表现伊甸园的伟大作品。但在逝世之前，他却命令土著女子在他死后把这幅画作付之一炬。, https://movie.douban.com/subject/2294163/, https://img1.doubanio.com/view/photo/poster/public/p2303303909.jpg
刀锋 The Razor's Edge, 改编自毛姆同名小说, 年份: 1946, 7.7, 伊莎贝尔（吉恩·蒂尔尼 Gene Tierney 饰）深深的爱着飞行员劳力（泰隆·鲍华 Tyrone Power 饰），然而，刚刚经历过战争摧残的劳力并没有心情谈情说爱，他选择前往巴黎，想要在那里找到生活的意义。一晃眼一年过去，伊莎贝尔前去寻找劳力，却因为受不了那里贫穷的生活而选择了嫁给富家公子格雷（约翰·佩恩 John Payne 饰）。                                                                    又是好几年过去，彼时格雷因为种种意外而破了产，伊莎贝尔和伙伴索菲（安妮·巴克斯特 Anne Baxter 饰）再度回到了巴黎。受生活所迫，索菲沦为妓女，劳力不忍看到此情此景，决定拯救索菲，哪知道他的举动引起了伊莎贝尔的妒忌，在伊莎贝尔的设计之下，索菲再一次向深渊滑去。                        ©豆瓣, https://movie.douban.com/subject/1297508/, https://img1.doubanio.com/view/photo/poster/public/p2360244828.jpg
日瓦戈医生 Doctor Zhivago, 改编自帕斯捷尔纳克同名小说, 年份: 1965, 8.5, 幼年丧母的日瓦戈（Omar Sharif 饰）被过继给母亲的朋友，自此与继母一家的小女儿冬妮娅一同成长，并顺利修完医学专业，成为了一名优秀的医生。在另一条平行的生命线上，出生于裁缝之家的拉娜（Julie Christie 饰）正是十七岁的金色年华，母亲的情人维克多不时骚扰她，热衷于工人革命的未婚夫帕夏更让拉娜日日为其担忧。在工人运动风起云涌的日子里，日瓦戈目睹了当局对工人的残酷镇压，拉娜则因帕夏被卷入工人运动而遭到维克多的玷污，由于维克多的关系，日瓦戈与拉娜的人生终于汇合，在不久后混乱的一战中，他们终于不顾各自的伴侣陷入了热恋……不久布尔什维克掌握政权，返回家乡与冬妮娅团聚的日瓦戈发现生活却每况愈下，以至他们不得不远赴乡村谋生，岂料在遥远的北方村落，日瓦戈再次与拉娜相遇……                                                                    本片根据Pasternak的同名小说改编，获1966年奥斯卡最佳美术指导、最佳摄影等多项专业褒奖。, https://movie.douban.com/subject/1389949/, https://img1.doubanio.com/view/photo/poster/public/p2201838179.jpg
静静的顿河 Тихий Дон, 改编自肖洛霍夫同名小说, 年份: 1957, 8.6, 电影《静静的顿河》改编自诺贝尔文学奖得主米哈伊尔-肖洛霍夫的著名长篇小说，影片共分三部，生动地描写了从第一次世界大战到苏联国内战争结束这个动荡的历史年代中，顿河哥萨克人的生活和斗争。刻画了格里高利和其情妇阿克西尼娅等众多人物，描绘了多色调的场景，多侧面多层次的反映了那个风云变幻的时代。同时也表现了苏维埃政权在哥萨克地区建立和巩固的艰苦过程及其强大的生命力，揭示了一切反动落后势力必然灭亡的命运。这部史诗式的长篇巨著一问世便立即引起了世界舆论的重视，荣获了斯大林奖金，并获得1958年全苏电影节一等奖和最佳导演奖、1958年卡罗维-发利国际电影节大奖和1960年美国导演工会最佳改编影片荣誉奖。, https://movie.douban.com/subject/1294681/, https://img1.doubanio.com/view/photo/poster/public/p2231786178.jpg
苦难的历程 Хождение по мукам, 改编自阿托尔斯泰同名小说, 年份: 1977, 8.8, 电影电视－“《苦难的历程》三部曲，使俄国大文学家 阿.托尔斯泰的著名作品。该片以1914年第一次世界大战到1919年的俄罗斯国内战争等重大历史事件为背景，通过对卡佳和达莎两姐妹和她们的丈夫：贵族出身的白军军官罗申和平民出身的红军军官、工程师捷列金，错综复杂的爱情及艰难曲折生活经历的描写，刻画出俄国知识分子从失去旧俄罗斯到获得新生的苏维埃俄罗斯的苦难历程。”                                                                                                                                        该电视剧曾在九十年代初在央视播映。网上尚有VCD（12张一套）出售。这部剧集拍得相当唯美。                                                                                                                                        耐人寻味的是阿·托尔斯泰将这部俄国旧知识分子历经磨难，认同新政权的历史，称为“The Road To Calvary”，也就是基督耶稣背负十字架走向骷髅山之路。实际上，按剧中主人公在红白军中摇摆的经历，都难以逃过后来多轮残酷的清洗。, https://movie.douban.com/subject/1790817/, https://img1.doubanio.com/view/photo/poster/public/p2628969688.jpg
白鲸 Moby Dick, 改编自梅尔维尔同名小说, 年份: 2011, 6.7, 《白鲸》与福克纳的《熊》、海明威的《老人与海》一起被誉为美国文学史上的三大动物史诗。                                                                    2010翻拍的经典故事《白鲸》，共2集。                                                                    因为是经典之作，所以多次翻拍，现在有三个版本，1956、1988、2010年三个版本。                                                                    《白鲸》（英文名《Moby Dick》，又译《莫比敌》）的作者赫尔曼·麦尔维尔(Herman. Mllville），是19世纪美国最重要的小说家之一。1839年，麦尔维尔到海上谋生，先后在商船、捕鲸船和海军军舰上当过海员和水手，从此与大海结下了不解之缘。                                                                    白鲸的故事由“我”——伊什梅尔讲述，他受雇于捕鲸船“裴廓德号”出海猎鲸。                                                                    船长亚哈是个狡猾而老练的水手，在一次航行中，一条白色的抹香鲸咬掉了他的一条腿，他从此不顾一切，要找到这头名叫莫比·迪克的抹香鲸复仇。                                                                    在寻找莫比·迪克的过程中，他们捕到几条鲸鱼，并与几条捕鲸船相撞，经历了种种只能发生在大海上的奇事。后来，他们发现了莫比·迪克，亚哈用鱼叉刺中了它。被激怒的抹香鲸将“裴廓德号”撞沉，所有水手中伊什梅尔幸存下来。                                                                    《白鲸》不仅是一个惊险刺激的故事，作者立志要把它写成一部百科全书式的巨著，而他也确实做到了。书中收集了当时几乎所有的鲸知识（在他所处的时代是非常不容易的，要知道当时人们甚至认为鲸是一种鱼！），还有对捕鲸这一职业的细致入微的描写。宏伟而庄严的大鲸形象贯穿小说始终，让人相信即使《圣经》里的大洪水再次降临，所有人类都像老鼠般被淹死之后，它们也会安然地畅游大海。                                                                    注：不是2010同名的那个粗糙的电影。, https://movie.douban.com/subject/3326727/, https://img1.doubanio.com/view/photo/poster/public/p2458289539.jpg
野性的呼唤：育空的狗 The Call of the Wild: Dog of the Yukon, 改编自杰克伦敦同名小说, 年份: 1997, 8.4, 巴克是一条忠犬，它的主人是一名法官，在主人的精心照料下，巴克过着充满了幸福和温暖的平静生活。淘金热的浪潮到来了，身强体壮的巴克被法官家的园丁看上，园丁偷走了巴克，将它辗转卖到了遥远而寒冷的阿拉斯加。                                                                    在新主人的手下，巴克受到了惨无人道的虐待和折磨，与此同时，它亦学会了拉雪橇、偷食、取水等必要的生存技能，随着时间的推移，巴克的野性渐渐苏醒。在狗群中，巴克不甘心“寄人篱下”，它要当狗群中的王者。最终，它做到了，在巴克的调教下，狗群被治理得井井有条。之后，巴克遇见了名为约翰（鲁特格尔·哈尔 Rutger Hauer 饰）的男子，约翰收留了奄奄一息的巴克，约翰的温柔和善良渐渐赢得了巴克的信任，两颗孤独的灵魂紧紧相依。                        ©豆瓣, https://movie.douban.com/subject/1298258/, https://img9.doubanio.com/view/photo/poster/public/p2508683486.jpg
汤姆历险记 The Adventures of Tom Sawyer, 改编自马克吐温同名小说, 年份: 1938, 8.0, 故事发生在风景秀丽的密西西比河畔，汤姆（Tommy Kelly 饰）自幼丧母，是一个身世可怜的孤儿。然而，在朋友和亲戚们的帮助和扶持下，汤姆还是成长为了一个快乐勇敢的男孩。哈克贝利（Jackie Moran 饰）是汤姆最好的朋友，两个孩子在一起，常常惹出各种各样的麻烦，闹了数不清的笑话。                                                                    一次偶然中，汤姆竟然成为了一宗凶杀案的目击证人，由于害怕遭到凶手的报复，汤姆和哈克贝利决定离家出走，踏上逃亡的旅途。汤姆的失踪让亲人倍感焦急，可他却在孤岛上开辟了自己的小天地，过得逍遥快活。最终，在案件即将审判之时，汤姆站了出来说出了真相，帮助法官做出了公正的判决。                        ©豆瓣, https://movie.douban.com/subject/1296844/, https://img1.doubanio.com/view/photo/poster/public/p2359304139.jpg
哈克·贝利·芬历险记 The Adventures of Huck Finn, 改编自马克吐温同名小说, 年份: 1993, 7.8, 虎克（伊利亚·伍德 Elijah Wood 饰）的父亲在他很小的时候就抛弃了他，可是近日来，这个男人的行为非常的反常，竟然开始主动关心起自己的儿子来，实际上，他心里打着自己的算盘。原来，虎克得到了一笔价值不菲的遗产，这就是父亲接近他的原因。不仅如此，虎克的父亲甚至打算杀死亲生儿子来获得这笔钱。                                                                    为了避开父亲，也为了保命，虎克踏上了冒险的旅途。在途中，虎克结识了名为吉姆（考特尼·万斯 Courtney B. Vance 饰）的黑人奴隶，吉姆因为担心自己被卖掉而从雇主家里逃了出来。就这样，虎克和吉姆结伴前行，虎克决定帮助吉姆重新获得本就应该属于他的自由。                        ©豆瓣, https://movie.douban.com/subject/1299766/, https://img2.doubanio.com/view/photo/poster/public/p2577246303.jpg
红字 The Scarlet Letter, 改编自霍桑同名小说, 年份: 1995, 7.4, 故事发生在17世纪。赫丝特（黛米·摩尔 Demi Moore 饰）离开丈夫，孤身一人来到马萨诸塞湾的英属殖民地定居。在这里开拓的英国人信仰坚定，恪守清规，赫丝特的一些举动在这压抑的殖民地环境下颇为引人注目。当地的牧师阿瑟（加里·奥德曼 Gary Oldman 饰）英俊而富有激情，赫丝特为他的神采深深吸引，两个性情相投的人很快陷入了危险的热恋。不久殖民地方面接到了赫丝特的医生丈夫被印第安人杀害的消息，本以为可以公开关系的一对恋人等到的却是东窗事发，赫丝特为保护阿瑟，拒绝供认通奸者，自此被投入监狱直至产下一名女婴，而阿瑟则在监狱外日日承受心灵的拷问……出狱后的赫丝特戴上了通奸者的耻辱标志，同时她大难不死的丈夫突然现身，誓要将通奸者揪出以发泄心中怒火……                        ©豆瓣, https://movie.douban.com/subject/1301536/, https://img3.doubanio.com/view/photo/poster/public/p2492755250.jpg
安娜·卡列尼娜 Anna Karenina, 改编自列夫托尔斯泰同名小说, 年份: 1997, 7.5, 这是一部根据托尔斯泰的《安娜卡列尼娜》改编的小说。卡列宁(詹姆斯福克斯饰)和安娜(苏菲玛索饰)是十九世纪俄国上流社会的一对夫妻。安娜拥有非凡的美貌，万种风情。后来，安娜和风流倜傥的渥伦斯(西恩•宾饰)邂逅了。渥伦斯的炙热爱情点燃了安娜心中沉睡已久的激情，两人不顾一切的相爱了。卡列宁当然无法容忍安娜的这种行为，但是安娜为了这段爱情，选择了奋不顾身，不惜一切代价。                                                                    于是，她的命运被彻底改写，走向了另外一个轨迹。                        ©豆瓣, https://movie.douban.com/subject/1292577/, https://img1.doubanio.com/view/photo/poster/public/p452625577.jpg
战争与和平 War and Peace, 改编自列夫托尔斯泰同名小说, 年份: 1956, 7.6, 1812年，拿破仑的军队控制大部分的欧洲国家。在为数不多未被征服的国家中，俄国打算联合奥地利一起进行殊死抵抗。贵族安德烈公爵（梅尔·弗尔 Mel Ferrer 饰）就是这样怀揣一腔抱负的俄国军官。然而安德烈的挚友皮埃尔公爵（亨利·方达 Henry Fonda 饰）却毫不关心战事。他在父亲临终前成为遗产继承人，与贵族之女海伦（安妮塔·艾克伯格 Anita Ekberg 饰）结婚，却在婚后不久发现性格不合而分居。安德烈战役失败被释放归家看望难产而死的妻子。几个月后，彼埃尔与罗斯托夫伯爵一家在去打猎，叫上了安德烈。安德烈对伯爵的女儿娜塔莎（奥黛丽·赫本 Audrey Hepburn 饰）一见钟情。不久，娜塔莎接受了安德烈的求婚，然而安德烈很快重返军队。海伦的弟弟阿纳托里趁虚而入，骗得娜塔莎的爱，唆使娜塔莎与他私奔。俄法战争开始，娜塔莎遇到了深受重伤的安德烈，安德烈在临死前原谅了娜塔莎的背叛。战争结束后，皮埃尔回到了莫斯科，与娜塔莎结合在了一起。, https://movie.douban.com/subject/1297759/, https://img1.doubanio.com/view/photo/poster/public/p2125200529.jpg
卡拉马佐夫兄弟 The Brothers Karamazov, 改编自陀思妥耶夫斯基同名小说, 年份: 1958, 7.3, 故事发生在十九世纪的俄罗斯，自私贪婪的商人卡拉马佐夫（李·科布 Lee J. Cobb 饰）和儿子德米特（尤·伯连纳 Yul Brynner 饰）爱上了同一个名叫格鲁申卡（玛丽亚·雪儿 Maria Schell 饰）的女人，为了这个女人，德米特甚至胖揍了自己的父亲。德米特有两个同父异母的弟弟，他们是伊凡（理查德·贝斯哈特 Richard Basehart 饰）和阿廖沙（威廉·夏特纳 William Shatner 饰），除此之外，在卡拉马佐夫家里做厨师的斯米尔加柯夫（艾伯特萨尔米 Albert Salmi 饰）也是荒淫无度的卡拉马佐夫的私生子。                                                                    德米特以为格鲁申卡和自己的父亲有一腿，但实际上，格鲁申卡真正的情人是一个波兰人。之后，卡拉马佐夫遭到了逮捕被指控谋杀了自己的父亲。                        ©豆瓣, https://movie.douban.com/subject/1303298/, https://img2.doubanio.com/view/photo/poster/public/p2508733531.jpg
白痴 Идиот, 改编自陀思妥耶夫斯基同名小说, 年份: 1959, 8.0, 故事发生在19世纪60年代的俄罗斯，没落贵族麦什金公爵（尤里·雅科夫列夫 Yuriy Yakovlev饰）在火车上偶然遇见了富商之子罗戈金（Leonid Parkhomenko 饰），就此得知了一位名叫纳斯塔西亚（柳德米拉·伊万诺娃 Lyudmila Ivanova 饰）的绝色女子的大名。纳斯塔西亚常年遭到地主托茨基（P. Strelin 饰）的霸占和侮辱，日子过得非常的痛苦。                                                                    托茨基想要娶将军叶潘钦（尼基塔·波德戈尔尼 Nikita Podgornyj 饰）的女儿为妻，纳斯塔西亚的存在对于他来说已经成为了累赘，于是，托茨基以价值不菲的转让费为诱饵，打算将纳斯塔西亚嫁给一个名叫加尼亚的卑鄙无耻的小人。在纳斯塔西亚生日宴会当晚，托茨基本来打算宣布这门婚事，就在这个节骨眼上，麦什金公爵出现了，他表示愿意娶纳斯塔西亚为妻。                        ©豆瓣, https://movie.douban.com/subject/1302514/, https://img2.doubanio.com/view/photo/poster/public/p2383613012.jpg
罪与罚 Преступление и наказание, 改编自陀思妥耶夫斯基同名小说, 年份: 1970, 8.0, 故事发生在圣彼得堡的贫民区内，拉斯柯尔尼科夫（格奥尔基·塔拉托尔金 Georgi Taratorkin 饰）是生活在那里的一名穷学生，本来在学校里读法律系的他，最终因为交不起学费而失去了继续深造的资格，只能灰溜溜的回到家中，靠着母亲和妹妹养活。                                                                    一次偶然中，拉斯柯尔尼科夫结识了名叫马尔美拉陀夫的男人，马尔美拉陀夫和拉斯柯尔尼科夫一样闲赋在家，为了生存，他竟然逼迫自己的长女去当了妓女。拉斯柯尔尼科夫发誓自己不能够和眼前这个邪恶的男人混为一谈，决定干一番大事。一天，拉斯柯尔尼科夫杀死了放高利贷的当铺老板娘，又杀死了老板娘的妹妹，回到家后，深深的罪恶感开始折磨拉斯柯尔尼科夫的内心。                        ©豆瓣, https://movie.douban.com/subject/3457827/, https://img9.doubanio.com/view/photo/poster/public/p2514345766.jpg
父与子 Отцы и дети, 改编自屠格涅夫同名小说, 年份: 1960, 暂无评分, 《父与子》描写的是父辈与子辈冲突的主题。这一冲突在屠格涅夫笔下着上了时代的色彩。巴扎罗夫代表了19世纪60年代的年轻一代——激进的平民知识分子，而巴威尔和尼古拉则代表了保守的自由主义贵族的老一代人，当然，在对待年轻人的态度上，父辈中的人们态度各有不同，尼古拉比较温和，希望理解子辈，想跟上时代，只是不太成功，巴威尔则固执已见，信奉贵族自由主义，对年轻人的反叛耿耿于怀，父与子的冲突在广义上表现为巴威尔和巴扎罗夫之间的对立，由此，在巴扎罗夫身上塑造了时代“新人”的形象。, https://movie.douban.com/subject/3075805/, https://img3.doubanio.com/view/photo/poster/public/p2574857110.jpg
当代英雄：塔曼·马克西姆·马克西莫维奇 Герой нашего времени: Тамань. Максим Максимович, 改编自莱蒙托夫同名小说, 年份: 1967, 暂无评分, 根据莱蒙托夫同名著作改编。, https://movie.douban.com/subject/2173610/, https://img1.doubanio.com/view/photo/poster/public/p2205651288.jpg
奥勃洛莫夫一生中的几天 Несколько дней из жизни И. И. Обломова, 改编自冈察洛夫小说《奥勃洛莫夫》, 年份: 1980, 8.4, 奥勃洛摩夫（奥列格•塔巴科夫 Oleg Tabakov 饰）是含着金汤匙出生的千金大少爷，父亲留下的巨额财产让他从未亲手挣过一分钱，每一天，奥勃洛摩夫都躲在家里，过着自闭而又慵懒的生活。施托尔茨（尤里•博加特廖夫 Yuri Bogatyryov 饰）是奥勃洛摩夫唯一的朋友，他看不下去挚友封闭的生活，于是带着他外出健身、社交和游玩，随着时间的推移，奥勃洛摩夫渐渐融入了正常的社会生活。                                                                    一次聚会中，奥勃洛摩夫结识了美丽的女孩奥尔加（叶莲娜•索洛维 Yelena Solovey 饰），后者的善良和温柔深深打动了奥勃洛摩夫，然而，自卑却让他误以为奥尔加喜欢的是施托尔茨，为了不破坏好友的感情，他选择了主动退出。                        ©豆瓣, https://movie.douban.com/subject/1298646/, https://img9.doubanio.com/view/photo/poster/public/p2203756886.jpg
上尉的女儿 Русский бунт, 改编自普希金小说《上尉的女儿》, 年份: 2000, 8.4, 这是普希金的经典作品，记录了俄国历史上一段特殊的岁月，以及残酷的现实对于忠贞爱情的考验。                                                                    格里尼耶夫被父亲送到军队，他冒着凛冽的寒风在白雪皑皑的边界上奔驰。他是去白山炮台的，路上他遇到的普加乔夫救了他，他也送给普加乔夫一件兔皮袄，他当时并不知道，自己日后的命运恰巧和这个人发生了如此密切的联系，他更没有想到，他会在这里找到自己一生的至爱。普加乔夫起兵的冲击波席卷各地，他自立为皇帝，以反对叶卡德琳娜的统治，他的队伍打到炮台，上尉因为不肯效忠于他而被绞死。因为普加乔夫认出了他的仆人才使他免于一死。为了救出玛丽亚，他不得不向普军请求，但是，他没有从战场上逃逸，军人的天职他将心上人交付仆人后，又回到战场。但是，身为贵族和军官的他对于自己得以保全性命的原因无法申述，他受到了严格的审查。玛丽亚向女皇说明了一切，使他又一次从绞架下获救。, https://movie.douban.com/subject/1867037/, https://img2.doubanio.com/view/photo/poster/public/p2400926423.jpg
奥涅金 Onegin, 改编自普希金诗体小说《叶甫盖尼奥涅金》, 年份: 1999, 8.0, 圣彼得堡贵族青年奥涅金（拉尔夫·费因斯 Ralph Fiennes饰）本过着纸醉金迷的奢靡贵族生活。可当时颂扬自由和个性解放的时代氛围，加上亚当·斯密的《国富论》和卢梭的《社会契约论》的启蒙思想，深深触动了奥涅金。他开始厌倦空虚无聊的上流社会生活，渴望在乡村进行农事改革。当他来到乡下庄园时，与连斯基（托比·斯蒂芬斯 Toby Stephens饰）和奥尔伽（琳娜·海蒂 Lena Headey饰）成为好友。但是周围地主的非难和反对，加之奥涅金自身贵族习气的烙印，让他陷入深深的彷徨和苦闷中。然而当纯朴热烈的奥尔伽的姐姐达吉亚娜（丽芙·泰勒 Liv Tyler饰）向他示爱时，他居然断然拒绝。这段十九世纪的爱情错位凄美上演。                                                                    由英国女导演玛莎·费因斯执导，根据普希金诗体小说《叶甫盖尼·奥涅金》改编的影片《奥涅金》，荣获2000年第53届英国电影和电视艺术学院奖最佳英国电影提名，导演玛莎·费因斯凭借此片荣获1999年第12届东京国际电影节主竞赛单元-最佳导演奖。, https://movie.douban.com/subject/1294103/, https://img9.doubanio.com/view/photo/poster/public/p529669335.jpg
娜娜 Nana, 改编自左拉同名小说, 年份: 1955, 7.1, 娜娜（玛蒂妮·卡洛 Martine Carol 饰）出生在一个贫困的家庭之中，却有着天使般的容貌，因而获得了参演轻歌剧《金发维纳斯》的机会。虽然娜娜毫无演技，唱歌也非常的难听，但凭借着裸露自己的身体，娜娜在演艺圈里一炮而红。尝到了甜头的娜娜开始依靠出卖自己的身体赚钱，男人们趋之若鹜。                                                                    大银行家斯泰内（诺埃尔·罗克韦尔 Noël Roquevert 饰），米法伯爵（查尔斯·博耶 Charles Boyer 饰）、老相好达格内，娜娜身边的男人们换了又换，但始终不变的是从男人的口袋里流向娜娜的口袋里的那源源不绝的金钱，可即便如此，娜娜还是终日生活在贫穷中，甚至欠下了高利贷，一天，娜娜突然失去了踪迹。                        ©豆瓣, https://movie.douban.com/subject/2208872/, https://img1.doubanio.com/view/photo/poster/public/p2557546189.jpg
包法利夫人 Madame Bovary, 改编自福楼拜同名小说, 年份: 1991, 7.5, 一次出诊中，包法利医生（让-弗朗索瓦·巴尔梅 Jean-François Balmer）和年轻的女孩艾玛（伊莎贝尔·于佩尔 Isabelle Huppert 饰）相遇了，艾玛的纯情和美丽让医生迅速坠入了情网，两人随即结婚。婚后的生活并不如艾玛所幻想的那样充满了乐趣和激情，是帅气的雷翁（卢卡斯·贝尔沃克斯 Lucas Belvaux 饰）的出现让艾玛重新快乐了起来，但他的离开带来的则是更深的痛苦和绝望。富豪鲁道夫（克里斯托弗·马拉沃伊 Christophe Malavoy 饰）贪恋艾玛的美色，给予了她诸多的空洞承诺，而为了配得上鲁道夫，艾玛不惜赊账购入首饰与华服。在约定好私奔的那一天，鲁道夫失约了，大受打击的艾玛一病不起。                                                                    在丈夫的照料下，艾玛渐渐康复，在一场音乐会上，她与雷翁重逢了，与后者打的火热的日子里，艾玛丝毫没有察觉自己早已债台高筑。而当催债的传票出现在眼前时，被所有男人抛弃的艾玛选择了死亡。, https://movie.douban.com/subject/1303948/, https://img2.doubanio.com/view/photo/poster/public/p1739873051.jpg
欧也妮·葛朗台 Eugénie Grandet, 改编自巴尔扎克同名小说, 年份: 1994, 7.1, 葛朗台先生（让·卡米特 Jean Carmet 饰）是镇上有名的财主和吝啬鬼，任何人都别想从他的身上得到一丝一毫的好处。葛朗台有一个美丽的女儿欧也妮（亚历山德拉·龙东 Alexandra London 饰），到了出嫁的年龄，镇子里的年轻人们纷纷上门提亲，但在葛朗台的眼中，他们都是冲着自己的钱而来的。                                                                    欧也妮的堂弟夏尔（Jean-Claude Adelin 饰）前往葛朗台家中做客，实际上，他早因为父亲的破产而成为了一个穷光蛋。势力的葛朗台先生看不上夏尔，可是欧也妮却深深的爱上了他。不惜偷偷的将父亲给自己的零花钱送给夏尔，帮助他重振事业。很快，欧也妮和夏尔的秘密便被葛朗台先生发现了，愤怒的他将欧也妮软禁在了家中。                        ©豆瓣, https://movie.douban.com/subject/2160255/, https://img1.doubanio.com/view/photo/poster/public/p2606088977.jpg
高老头 Le père Goriot, 改编自巴尔扎克同名小说, 年份: 2004, 7.6, 故事发生在1819年的巴黎，年轻的大学生拉斯蒂涅（布鲁诺·加尔辛 Bruno Garcin 饰）入住伏盖公寓，住在隔壁的，是一个名叫高里奥（查尔斯·文恩 Charles Vanel 饰）的老头。高老头有两个如花似玉的女儿，他将自己全部的积蓄和心血都倾注在了她们的身上。                                                                    在高老头的努力之下，大女儿嫁给了名为雷思多（Elia Clermont 饰）的年轻伯爵，小女儿嫁给了银行家纽沁根（Monique Nevers 饰），高老头非常欣慰自己的孩子找到了好的归宿，可实际上，他的女儿和女婿们都只不过把他当成是摇钱树而已。拉斯蒂涅非常渴望巴黎上流社会夜夜笙歌的奢靡生活，也想要加入其中。                        ©豆瓣, https://movie.douban.com/subject/1898524/, https://img9.doubanio.com/view/photo/poster/public/p2516249406.jpg
卡门 Carmen, 改编自梅里美同名小说, 年份: 2003, 7.0, 从在看到卡门（帕兹·维嘉 Paz Vega 饰）的第一眼开始，年轻的军长唐豪塞（莱昂纳多·斯巴拉格利亚 Leonardo Sbaraglia 饰）就坠入了卡门用美艳和欲望所编制的陷阱之中。为了和卡门双宿双飞，他毫不犹豫的抛弃了乡下温柔贤惠的情人，不仅如此，在卡门身陷险境的时刻，唐豪塞伸出了援手，同时也断送了自己的大好前程。                                                                    和卡门在一起之后，唐豪塞似乎就没有走运过，在经历了牢狱之灾后他加入了卡门所在的走私团伙。天性奔放自由的卡门对唐豪塞的态度渐渐的冷淡了下来，讽刺的是，她对斗牛士埃斯卡米里奥（Antonio Dechent 饰）的态度倒是热情的很，忍无可忍的唐豪塞决定要与埃斯卡米里奥决斗，一场悲剧眼看就要发生。                        ©豆瓣, https://movie.douban.com/subject/1449793/, https://img3.doubanio.com/view/photo/poster/public/p2641781930.jpg
红与黑 Le Rouge et le Noir, 改编自司汤达同名小说, 年份: 1954, 7.7, 于连（杰拉·菲利浦 Gérard Philipe 饰）不过是一个普通木匠的儿子，可是野心满满的他却希望能够跻身于上流社会。战争年代过去了，想要当兵不成的于连只得成为了一名牧师，他来到了市长雷纳尔（Jean Martinelli 饰）家担任家庭教师，却和市长夫人路易斯（达尼尔·达黎欧 Danielle Darrieux 饰）开始了一段不伦之恋。                                                                    恋情败露后，于连灰头土脸的来到了巴黎，拉莫尔侯爵（Jean Mercure 饰）成为了于连的下一块“垫脚石”。很快，于连就和侯爵的女儿马蒂尔德（安东妮拉·卢阿尔迪 Antonella Lualdi 饰）相恋了，婚后，于连得到了他一直渴望的财富和名望，可是好景不长，很快，他就陷入了丑闻和阶级斗争之中成为了牺牲品。                        ©豆瓣, https://movie.douban.com/subject/1641648/, https://img9.doubanio.com/view/photo/poster/public/p2621656274.jpg
一个世纪儿的忏悔 The Confession of a Child of the Century, 改编自缪塞同名小说, 年份: 2012, 5.6, 英国摇滚明星皮特·多赫提（Pete Doherty，31岁）即将奉献银幕处子秀，他将在法国女导演西尔薇·维尔海迪的新片《一个世纪儿的忏悔》（The Confession of a Child of the Century）中扮演法国诗人、小说家缪赛，而与他演对手戏的是法国著名女演员夏洛特·甘斯布（39岁）。                                                                    这部新片改编自塞缪发表于1836年的同名自传体小说，主要讲述青年缪赛与年长6岁的著名女作家乔治·桑之间的罗曼史。                                                                    《一个世纪儿的忏悔》塑造了一个典型的对社会不满而又无意反对、面对黑暗现实存几分嘲讽又带几分厌弃、半是自由追求半是沮丧颁唐的浪荡子形象。“世纪病”一词即由此得名。1999年，由伯努瓦·马吉梅与朱丽叶·比诺什主演的《恋恋红尘》（原名《世纪儿》）也是改编自该著作。                                                                    《一个世纪儿的忏悔》由法国、英国和德国合拍，将于明年1月开拍。, https://movie.douban.com/subject/5905770/, https://img1.doubanio.com/view/photo/poster/public/p1572386158.jpg
基督山伯爵 Le comte de Monte Cristo, 改编自大仲马同名小说, 年份: 1998, 8.2, 根据大仲马的小说《基督山伯爵》改编而成。                                                                    年轻水手爱德蒙（Gérard Depardieu饰）原本是一个前程远大，生活美满的年青人，就在他即将升为船长，并和心爱姑娘成婚之际，却突然蒙受不白之冤入狱，并被判终身监禁。                                                                    在监狱里度过18年暗无天日的生活后，爱德蒙偶然与法里亚神甫相遇，或许是上天的安排，爱德蒙得以借助神甫逃了出去，并根据神甫的指示在基督山岛找到了富可敌国的金银珠宝。                                                                    爱德蒙回到马赛，却发现一切面目全非：父亲在饥饿中死去，未婚妻改嫁他人，陷害他的人则成为上等人过着富裕安稳的日子。                                                                    改头换面后，爱德蒙以“基督山伯爵”的身份展开他的复仇计划，誓要向当初陷害他的费尔南、唐格拉尔、维尔福等人讨回他失去的一切，一个荡气回肠，引人入胜的复仇记就此展开。                        ©豆瓣, https://movie.douban.com/subject/1428073/, https://img1.doubanio.com/view/photo/poster/public/p2385446317.jpg
巴黎圣母院 Notre Dame de Paris, 改编自雨果同名小说, 年份: 1956, 8.1, 爱斯米兰达是一个性格活泼热情似火的吉普赛女郎，生性善良的她赢得了许多人的赞美和喜爱。巴黎圣母院的神父克洛德觊觎爱斯米兰达的美貌已久，终于按奈不住派出手下样貌丑陋的撞钟人卡西莫多，将爱斯米兰达强行掠夺至巴黎圣母院，谁知道半途杀出了英俊勇敢的上尉菲比斯，后者令爱斯米兰达一见倾心。                                                                    菲比斯遭到了蒙面歹徒的袭击，而爱斯米兰达居然成为了罪魁祸首。爱斯米兰达被判处绞刑，在行刑之前，卡西莫多救走了身陷囹圄的爱斯米兰达，将她藏到了巴黎圣母院之内。起初，爱斯米兰达对卡西莫多充满了戒备，但随着时间的推移，她渐渐了解到，在卡西莫多丑陋的外表下，隐藏这一颗金子一样的心。                        ©豆瓣, https://movie.douban.com/subject/1296242/, https://img9.doubanio.com/view/photo/poster/public/p1942074866.jpg
道林·格雷 Dorian Gray, 改编自王尔德小说《道林格雷的画像》, 年份: 2009, 6.8, 穷小子道林格雷（本·巴恩斯 Ben Barnes 饰）从乡下来到伦敦，结识了社交场上的著名画家巴兹尔（本·卓别林 Ben Chaplin 饰）和绅士亨利（科林·费斯 Colin Firth 饰），两人见他长相俊美，所以引荐他进入社交名流圈。巴兹尔专门以他为人体模特，画了 一幅细腻入微、栩栩如生的半身肖像画，立刻引起社交圈的惊艳和赞叹。从此，格雷进入了名利场，每日过着五光十色的生活。一次偶然的机会，他爱上了小剧场演员塞西莉亚，两人一见钟情，私定终身。听说格雷要结婚，亨利便开始诱导他，不要相信婚姻，应该好好享受风月。于是，格雷跟爱人之间产生了矛盾，后来人们在河中发现了她怀孕的尸体，这让他非常震惊和懊恼，但是无力挽回。格雷彻底堕落，不断用女人、酒精甚至毒品麻醉自己。一个灵魂从此走上了邪恶的道路……                                                                    本片根据英国作家王尔德发表于1891年的第一篇小说《道林·格雷的画像》改编。, https://movie.douban.com/subject/3078386/, https://img1.doubanio.com/view/photo/poster/public/p769586059.jpg
大卫·科波菲尔 David Copperfield, 改编自狄更斯同名小说, 年份: 1999, 8.3, 遗腹子大卫·科波菲尔（丹尼尔·雷德克里夫 Daniel Radcliffe饰）从小在母亲克拉拉（艾米丽雅·福克斯 Emilia Fox饰）和女仆佩葛蒂（波林·夸克Pauline Quirke饰）的照看下长大。然而不久母亲改嫁，继父凶狠贪婪，婚前就把大卫送到佩葛蒂的哥哥辟果提（艾伦·阿姆斯特朗 Alun Armstrong饰）家里。辟果提是个正直善良的渔民，收养一对孤儿相依为命。念母心切的大卫，回到继父家中，却受尽继父虐待，生活苦不堪言。他历尽艰辛，终于找到了姨婆贝西小姐（玛吉·史密斯 Maggie Smith饰）。心地善良的姨婆贝西收留了大卫，然后他的坎坷命运才刚刚开始。                                                                    由BBC电视台制作，于1999年12月上映的电视电影《大卫·科波菲尔》，根据英国小说家查尔斯·狄更斯经典同名小说改编。这部由多位著名巨星精心演绎的故事，荣获2000年第52届黄金时段艾美奖-迷你剧/电视电影最佳女配角提名，2000年第53届英国电影和电视艺术学院奖-电视奖最佳女演员提名及2000年第53届英国电影和电视艺术学院奖-电视奖最佳剪辑提名。, https://movie.douban.com/subject/1401388/, https://img1.doubanio.com/view/photo/poster/public/p2508837078.jpg
雾都孤儿 Oliver Twist, 改编自狄更斯同名小说, 年份: 1948, 8.2, 奥利弗（约翰·霍华德·戴维斯 John Howard Davies 饰）一出生就被抛弃，在孤儿院生活了九年之后，他被送到了棺材铺当学徒。无法忍受苦不堪言的生活，奥利弗从师傅的身边逃跑来到了巴黎，在那里，他结识了扒手法钦（亚利克·基尼斯 Alec Guinness 饰）。就这样，奥利弗被迫开始了自己的扒手生涯。                                                                    一次偶然中，奥利弗被警察逮捕，所幸得到了好心的老先生布莱罗（亨利·斯蒂芬森 Henry Stephenson 饰）收留，一辈子颠沛流离的奥利佛总算体会到了家的滋味。不幸的是，扒手团伙却不愿意放过奥利弗，他们绑架了他，其中，一个名叫南希（Kay Walsh 饰）的女孩对奥利弗心生恻隐，她决定不惜违抗老大的命令，尽自己所能帮助这个可怜的孩子。                        ©豆瓣, https://movie.douban.com/subject/1299785/, https://img1.doubanio.com/view/photo/poster/public/p2358184058.jpg
呼啸山庄 Wuthering Heights, 改编自艾米利勃朗特同名小说, 年份: 2009, 7.7, 乡绅恩萧先生外出带回了一名吉普赛小孩回呼啸山庄，取名希斯克利夫（汤姆•哈迪 Tom Hardy 饰）。儿子亨德雷（伯恩•戈曼 Burn Gorman 饰）嫉妒父亲对希斯克利夫的偏爱，对他百般愚弄和讥讽。恩萧先生只得把处处针对养子的亨德雷送往寄宿学校。女儿凯瑟琳（夏洛特•莱李 Charlotte Riley饰）自小与希斯克利夫青梅竹马，两人渐生深厚的情愫。恩萧先生去世后，亨德雷回到呼啸山庄继承父业，把希斯克利夫贬为奴仆，极尽报复。而凯瑟琳也迫于无奈嫁给了画眉田庄的埃德加（安德鲁•林肯 Andrew Lincoln 饰）。万念俱灰的希斯克利夫选择了远走他乡，三年后积累了巨额的财富回来开始了疯狂的报复。他设局夺得了呼啸山庄，间接让亨德雷酒醉而亡，骗取了埃德加的妹妹伊莎贝拉与之私奔让埃德加蒙羞，一切的一切让依旧深爱着他的凯瑟琳痛苦不堪，难产而死。精神错乱的希斯克利夫将这种报复继续延及到下一代，直至他抱着凯瑟琳的尸骨离开人世。                                                                    该片改编自英国作家艾米莉•勃朗特的同名代表作《呼啸山庄》。, https://movie.douban.com/subject/3226150/, https://img2.doubanio.com/view/photo/poster/public/p2360457461.jpg
简爱 Jane Eyre, 改编自夏洛蒂勃朗特同名小说, 年份: 2011, 7.5, 从小失去父母的简·爱（米娅·华希科沃斯卡 Mia Wasikowska 饰）寄居在舅妈家，自幼受尽表兄（克雷格·罗伯兹 Craig Roberts 饰）欺辱和舅妈（莎莉·霍金斯 Sally Hawkins 饰）冷眼，稍大些后即被送入管教严格的教会女子学校。在冷漠、刻板环境中长大的简·爱并没有成为心理扭曲的女孩，而是自立自强，还 积累了不凡的学识修养，成年后她成为桑菲尔德贵族庄园的家庭教师。男主人罗切斯特先生（迈克尔·法斯宾德 Michael Fassbender 饰）第一次露面时，与简·爱相识于一场堕马事故，随着二人慢慢熟悉，罗切斯特先生体会到简·爱的与众不同，并渐渐爱上她，简·爱亦受到罗切斯特先生的强烈吸引，但是大宅夜晚总会发生一些怪事，二人的爱情似乎蒙着一层阴影……                                                                    本片根据英国作家据夏洛蒂·勃朗特原著改编，是这部名著第18次被搬上大银幕。                        ©豆瓣, https://movie.douban.com/subject/3073073/, https://img9.doubanio.com/view/photo/poster/public/p1590555816.jpg
劫后英雄传 Ivanhoe, 改编自司各特同名小说, 年份: 1952, 7.3, 明星阵容强大，包括罗伯特·泰勒、乔治·桑德斯、琼·方登、伊丽莎白·泰勒等。导演理查德·托普叙事手法流畅, https://movie.douban.com/subject/1294257/, https://img2.doubanio.com/view/photo/poster/public/p910759753.jpg
唐璜 Don Juan, 改编自拜伦同名长诗, 年份: 1998, 5.3, 故事发生在17世纪的西班牙，战争的铁蹄踏破了这个美丽国家的宁静，人民们生活在水生火热之中。落魄贵族唐璜（雅各布·韦伯 Jacques Weber 饰）带着他的仆人斯卡纳尔（米歇尔·布杰纳 Michel Boujenah 饰）四处流浪。唐璜是一个全身都散发着致命魅力的男人，他曾答应迎娶美丽的艾尔维尔（艾曼纽·贝阿 Emmanuelle Béart 饰），但最终他背信了契约，抛弃了艾尔维尔。                                                                    之后，在一个小小的渔村中，马瑟琳（佩内洛普·克鲁兹 Penélope Cruz 饰）和夏洛特（                                                                    艾妮安娜·姬儿 Ariadna Gil 饰）都深深的被唐璜所吸引，为了抢夺他而大打出手。在被女人热爱的同时，唐璜自然而然也遭到了男人们的痛恨。                        ©豆瓣, https://movie.douban.com/subject/1421826/, https://img1.doubanio.com/view/photo/poster/public/p2677025299.jpg
艾玛 Emma, 改编自简奥斯汀同名小说, 年份: 1996, 7.7, 主人公爱玛是个美丽、聪慧而富有的姑娘，同时也是一位不折不扣的幻想家。她热心关注身边的浪漫故事，却又固执地认为自己永远不会陷入其中。她自作主张为孤女哈丽埃特导演了一次又一次的恋爱。当哈丽埃特误以为自己爱上了地方官奈特利先生时，爱玛才惊觉原来自己也在爱着奈特利先生。这虽与她一开始就宣布的终身不嫁的誓言有悖，但坠入情网的她不得不放弃自己天真的誓言。                        ©豆瓣, https://movie.douban.com/subject/1440901/, https://img1.doubanio.com/view/photo/poster/public/p1035622248.jpg
傲慢与偏见 Pride & Prejudice, 改编自简奥斯汀同名小说, 年份: 2005, 8.7, 根据简·奥斯汀同名小说改编。伊丽莎白·班纳特(凯拉·奈特丽 饰)出身于小地主家庭，有四个姐妹，母亲班纳特太太整天操心着为女儿物色称心如意的丈夫。新来的邻居宾格来先生和他的朋友达西（马修·麦克菲迪恩 饰）打破了她们一家人单调的乡村生活。宾格来和伊丽莎白的姐姐简·班纳特互生情愫；达西对善良聪明的伊丽莎白产生了好感，而伊丽莎白却对达西不可一世的傲慢心存偏见，不接受他的感情。然而，世事难料，宾格来和简·班纳特因为误会，关系危在旦夕；达西的种种作为，展示了性格中和伊丽莎白相同的善良一面，逐渐赢得了伊丽莎白的好感。两对有情人能否终成眷属？班纳特姐妹们能否得到自己想要的生活？                                                                    简·奥斯汀笔下十九世纪初英国乡村生活和社会风貌，重新展现在大银幕上。                        ©豆瓣, https://movie.douban.com/subject/1418200/, https://img1.doubanio.com/view/photo/poster/public/p2016401659.jpg
阴谋与爱情 Kabale und Liebe, 改编自席勒同名剧作, 年份: 1959, 7.0, 《阴谋和爱情》讲述平民琴师的女儿露伊丝和宰相的儿子深深相爱，然而，这段爱情在等级森严的社会和勾心斗角的宫廷阴谋下，最终以二人死去的悲剧告终。德国故事片。德国十八世纪杰出戏剧家席勒的著名剧作。, https://movie.douban.com/subject/4302818/, https://img2.doubanio.com/view/photo/poster/public/p2517788632.jpg
浮士德 Фауст, 改编自歌德同名诗剧, 年份: 2011, 6.8, 影片在冰岛取景拍摄，是索科洛夫“人的力量”系列电影的最后一部，之前三部分别是关于希特勒的《莫洛赫 Molokh》，关于列宁的《遗忘列宁 Taurus》和关于日本裕仁天皇的《太阳》。, https://movie.douban.com/subject/3731625/, https://img9.doubanio.com/view/photo/poster/public/p1308833565.jpg
少年维特的烦恼 Die Leiden des jungen Werthers, 改编自歌德同名小说, 年份: 2002, 6.3, 维特是个能诗善画、热爱自然的青年，他在繁花盛开的春天，来到一个僻静的山村。青山幽谷，晨曦幕霭，村童幼女，无不引起他的兴趣，他面对自然美景，吟诗绘画，怡然自得，流连忘返。在这里他结识了一位年轻的姑娘绿蒂，对她一见倾心，和她呆在一起，就觉得好似到了天堂一样。可是绿蒂已经订婚，她忠实于订婚时的盟誓，不能把爱情献给维特，维特失望了，他尝到了恋爱的苦药，欢乐变成了烦恼，他只得告别绿蒂，告别这难忘的山村。                                                                    他进了一个公使馆当秘书，但是官场中的腐朽，虚伪，倾轧，嫉妒，使他忍受不了，在多次碰壁之后，他离开了这腐败的社会，回到原来的山村。那儿景物依旧，但人事全非，绿蒂已经结婚，善良的人们也惨遭不幸，他既憎恶腐朽的社会，渴望的爱情又成为泡影，他受不了一连串的打击，在隆冬的季节里，他留下令人不忍卒读的遗书，用手枪结束了他自己的生命。                                                                    ◆其它介绍：                                                                    《少年维特之烦恼》是德国十八世纪伟大的文学家、思想家约翰·歌德的代表作，这部作品使歌德由德意志诗人而成为一个世界诗人，小说风行各国，掀起一股“少年维特热”。                                                                    歌德的这部浪漫主义成名作，描写了少年维特单恋较他年长的少妇，写诗歌颂她的美丽动人，从这毫无希望的单恋中，他亦品尝到爱情的种种痛苦折磨，最后绝望自杀。这部短篇小说影响了一代青年人的恋爱观。                                                                    青年男子谁个不善钟情？                                                                    妙龄女郎谁个不善怀春？                                                                    这是人性中的至洁至纯，                                                                    为什么从此中有惨痛飞迸？                                                                    可爱的读者哟，你哭他，你爱他，                                                                    请从非毁之前救起他的名声；                                                                    请看，他出穴的精灵在向你目语：                                                                    做个堂堂的男子，不要步我后尘！, https://movie.douban.com/subject/1907889/, https://img1.doubanio.com/view/photo/poster/public/p2245661137.jpg
汤姆·琼斯 Tom Jones, 改编自菲尔丁同名小说, 年份: 1963, 6.6, 汤姆琼斯（阿尔伯特·芬尼 Albert Finney 饰）本为私生子，后被一绅士收养，他天性热情奔放，模样又生得风流俊朗，庄园主的女儿索菲亚（苏珊娜·约克 Susannah York 饰）同他坠入情网，后遭到表弟比菲尔（大卫·沃纳 David Warner 饰）的插足干涉，一番纠葛之后，声名狼藉的汤姆琼斯决定离开家乡，去外面的世界寻找属于自己的天地。                                                                    汤姆离开后没多久，伤心的索菲亚便也踏上了旅途，两人在缘分的驱使之下在一名女商贩的家中重逢了。之后，比菲尔亦来到了伦敦，想要报复汤姆。在比菲尔的阴谋筹划之下，汤姆被送上了绞刑架，就在即将行刑的生死攸关的时刻，索菲亚的父亲及时赶到，破解了比菲尔的阴谋，挽救了汤姆的性命。                        ©豆瓣, https://movie.douban.com/subject/1292591/, https://img9.doubanio.com/view/photo/poster/public/p1262196236.jpg
坎特伯雷故事集 I racconti di Canterbury, 改编自乔叟同名小说集, 年份: 1972, 7.3, 本片取材自文学著作《坎特伯雷故事集》，影片则在原著众多独立的小故事中选取八段故事，以短小精悍、赤裸露骨的叙事风格，反映了中世纪英国的社会百态。这部强调性爱作为反抗宗教束缚、争取人性自由武器的电影，逼真的刻画了一个个迥然不同的众生相，穷奢极欲的城主，专营告密敲诈的小人，故弄玄虚勾引邻家少妇的学生，放荡荒淫的女财主，以及生活在社会底层的小无赖等等。                                                                    由意大利著名导演皮埃尔·保罗·帕索里尼执导的影片《坎特伯雷故事集》，改编自十四世纪英国诗人杰弗雷·乔叟的同名诗体小说集。导演帕索里尼亲自扮演乔叟。本片是帕索里尼“生命三部曲”的中第二部，另外两部分别为《十日谈》和《一千零一夜》。影片荣获1972年第22届柏林国际电影节金熊奖。                        ©豆瓣, https://movie.douban.com/subject/1303731/, https://img1.doubanio.com/view/photo/poster/public/p2250032277.jpg
俄狄浦斯王 Edipo re, 改编自索福克勒斯同名剧作, 年份: 1967, 7.9, 克林多斯的一名牧羊人将一个遭人遗弃的婴儿救下后，将他献给了没有子女的国王，时光荏苒，婴儿长大成人，被唤名俄狄浦斯（佛朗哥•齐蒂）。某天，女巫将阿波罗神话讲给俄狄浦斯听，说他将来会亲手杀死生父并和生母结婚，听后，俄狄浦斯决定外出流浪。                                                                    途中，他与一群人发生殴斗，失手将一名老者打死，其人正是他的生父。接着，他继续流浪到了提北国，将那里的人面兽身怪物打死后，与王妃依娃卡丝蒂（西尔瓦娜•曼诺迦）成亲成为该国新国王，而该王妃正是他的生母，阿波罗神话灵验。遂即，提北国开始蔓延一种疾病，为了消灭这种病，该国人民四处寻找杀死老国王的凶手，俄狄浦斯终于知晓所有真相。                        ©豆瓣, https://movie.douban.com/subject/1293302/, https://img2.doubanio.com/view/photo/poster/public/p2328612341.jpg
